investor_id,avg_gap_days,at_risk
INV000001,,False
INV000002,,False
INV000003,,False
INV000004,85.4,True
INV000005,,False
INV000006,,False
INV000007,,False
INV000008,70.4,True
INV000009,,False
INV000010,64.8,True
INV000011,40.166666666666664,True
INV000012,57.0,True
INV000013,55.333333333333336,True
INV000014,75.33333333333333,True
INV000015,,False
INV000016,,False
INV000017,,False
INV000018,,False
INV000019,,False
INV000020,,False
INV000021,,False
INV000022,,False
INV000023,58.57142857142857,True
INV000024,,False
INV000025,,False
INV000026,,False
INV000027,,False
INV000028,93.6,True
INV000029,60.666666666666664,True
INV000030,47.625,True
INV000031,,False
INV000032,,False
INV000033,45.57142857142857,True
INV000034,,False
INV000035,,False
INV000036,,False
INV000037,,False
INV000038,,False
INV000039,68.6,True
INV000040,,False
INV000041,,False
INV000042,,False
INV000043,,False
INV000044,,False
INV000045,70.6,True
INV000046,,False
INV000047,,False
INV000048,46.0,True
INV000049,,False
INV000050,,False
INV000051,,False
INV000052,36.2,True
INV000053,,False
INV000054,,False
INV000055,,False
INV000056,74.8,True
INV000057,49.714285714285715,True
INV000058,,False
INV000059,,False
INV000060,,False
INV000061,,False
INV000062,,False
INV000063,,False
INV000065,,False
INV000066,,False
INV000067,,False
INV000069,49.111111111111114,True
INV000070,,False
INV000071,,False
INV000072,83.0,True
INV000073,48.25,True
INV000074,72.57142857142857,True
INV000075,74.8,True
INV000076,91.8,True
INV000078,,False
INV000079,65.8,True
INV000080,,False
INV000081,81.33333333333333,True
INV000082,83.66666666666667,True
INV000083,,False
INV000084,,False
INV000085,,False
INV000086,44.666666666666664,True
INV000087,92.8,True
INV000088,,False
INV000089,,False
INV000090,,False
INV000091,44.0,True
INV000092,,False
INV000093,55.5,True
INV000094,44.8,True
INV000095,69.4,True
INV000096,,False
INV000097,54.5,True
INV000098,,False
INV000099,,False
INV000100,,False
INV000101,65.0,True
INV000102,65.28571428571429,True
INV000103,83.4,True
INV000104,,False
INV000105,57.0,True
INV000106,,False
INV000107,,False
INV000108,,False
INV000109,46.25,True
INV000110,,False
INV000111,,False
INV000112,,False
INV000113,46.0,True
INV000114,,False
INV000115,,False
INV000116,,False
INV000117,,False
INV000118,,False
INV000119,,False
INV000120,,False
INV000121,,False
INV000122,,False
INV000123,59.666666666666664,True
INV000124,,False
INV000125,,False
INV000126,,False
INV000127,,False
INV000128,82.0,True
INV000129,,False
INV000130,,False
INV000131,56.0,True
INV000132,71.0,True
INV000133,88.2,True
INV000134,,False
INV000135,,False
INV000136,,False
INV000137,,False
INV000138,76.2,True
INV000139,,False
INV000140,,False
INV000141,,False
INV000143,,False
INV000144,,False
INV000145,89.4,True
INV000146,66.8,True
INV000147,,False
INV000148,52.0,True
INV000150,,False
INV000151,,False
INV000152,,False
INV000153,,False
INV000154,,False
INV000155,37.333333333333336,True
INV000156,,False
INV000158,,False
INV000159,,False
INV000160,,False
INV000161,73.0,True
INV000162,,False
INV000163,61.0,True
INV000164,61.8,True
INV000165,,False
INV000166,,False
INV000167,,False
INV000168,,False
INV000169,67.83333333333333,True
INV000170,,False
INV000171,,False
INV000172,,False
INV000173,57.666666666666664,True
INV000174,,False
INV000175,83.66666666666667,True
INV000176,,False
INV000177,65.42857142857143,True
INV000178,,False
INV000179,,False
INV000180,61.8,True
INV000181,,False
INV000182,,False
INV000183,56.125,True
INV000184,,False
INV000185,,False
INV000189,,False
INV000190,,False
INV000191,56.5,True
INV000192,,False
INV000193,,False
INV000194,58.0,True
INV000195,77.4,True
INV000196,69.0,True
INV000197,,False
INV000198,,False
INV000199,,False
INV000200,,False
INV000201,51.125,True
INV000202,,False
INV000203,,False
INV000204,,False
INV000205,62.57142857142857,True
INV000206,,False
INV000207,,False
INV000208,,False
INV000209,,False
INV000210,70.71428571428571,True
INV000211,,False
INV000212,,False
INV000213,,False
INV000214,94.8,True
INV000215,,False
INV000216,,False
INV000217,92.0,True
INV000218,,False
INV000219,,False
INV000220,,False
INV000221,,False
INV000222,,False
INV000223,,False
INV000224,,False
INV000225,,False
INV000226,,False
INV000227,,False
INV000228,59.75,True
INV000229,,False
INV000230,,False
INV000231,,False
INV000232,,False
INV000233,,False
INV000234,,False
INV000235,,False
INV000236,67.14285714285714,True
INV000237,,False
INV000238,93.6,True
INV000239,48.857142857142854,True
INV000240,,False
INV000241,,False
INV000242,,False
INV000243,88.2,True
INV000244,,False
INV000245,92.2,True
INV000246,,False
INV000248,,False
INV000249,45.5,True
INV000251,,False
INV000252,50.4,True
INV000253,,False
INV000254,,False
INV000255,48.6,True
INV000256,70.2,True
INV000257,,False
INV000258,,False
INV000259,70.6,True
INV000260,59.57142857142857,True
INV000261,,False
INV000262,53.57142857142857,True
INV000263,68.42857142857143,True
INV000264,,False
INV000265,53.44444444444444,True
INV000266,,False
INV000267,,False
INV000268,62.333333333333336,True
INV000269,,False
INV000270,,False
INV000271,,False
INV000272,,False
INV000273,,False
INV000274,,False
INV000275,,False
INV000276,,False
INV000277,,False
INV000278,,False
INV000279,43.375,True
INV000280,55.75,True
INV000281,,False
INV000282,,False
INV000283,68.0,True
INV000284,,False
INV000285,,False
INV000286,,False
INV000287,69.83333333333333,True
INV000288,,False
INV000289,62.714285714285715,True
INV000290,,False
INV000291,89.0,True
INV000292,46.0,True
INV000293,47.0,True
INV000294,,False
INV000295,,False
INV000296,,False
INV000297,90.6,True
INV000298,,False
INV000299,85.2,True
INV000300,,False
INV000301,,False
INV000302,,False
INV000303,,False
INV000304,70.0,True
INV000305,,False
INV000306,,False
INV000307,,False
INV000308,,False
INV000309,52.0,True
INV000310,75.83333333333333,True
INV000311,,False
INV000312,,False
INV000313,,False
INV000314,,False
INV000315,,False
INV000316,,False
INV000317,,False
INV000318,97.4,True
INV000319,73.5,True
INV000320,,False
INV000321,72.83333333333333,True
INV000322,,False
INV000323,,False
INV000325,,False
INV000326,,False
INV000327,,False
INV000328,37.5,True
INV000329,,False
INV000330,,False
INV000331,50.714285714285715,True
INV000332,,False
INV000333,,False
INV000334,25.5,True
INV000335,96.0,True
INV000336,,False
INV000337,,False
INV000338,,False
INV000339,94.0,True
INV000340,,False
INV000341,54.42857142857143,True
INV000342,,False
INV000343,,False
INV000344,,False
INV000345,,False
INV000346,,False
INV000347,,False
INV000348,,False
INV000349,,False
INV000350,,False
INV000351,,False
INV000352,,False
INV000353,,False
INV000354,,False
INV000355,,False
INV000356,54.4,True
INV000357,,False
INV000358,,False
INV000359,54.125,True
INV000360,,False
INV000361,,False
INV000363,77.0,True
INV000364,,False
INV000366,,False
INV000367,,False
INV000368,,False
INV000369,43.8,True
INV000370,,False
INV000371,59.285714285714285,True
INV000372,54.5,True
INV000373,,False
INV000374,,False
INV000376,,False
INV000377,,False
INV000378,,False
INV000379,,False
INV000380,97.0,True
INV000381,,False
INV000382,,False
INV000383,,False
INV000384,,False
INV000385,,False
INV000386,,False
INV000387,,False
INV000388,53.625,True
INV000389,,False
INV000390,,False
INV000391,,False
INV000392,77.16666666666667,True
INV000393,,False
INV000394,,False
INV000395,55.666666666666664,True
INV000396,83.2,True
INV000397,,False
INV000399,49.55555555555556,True
INV000400,62.6,True
INV000401,,False
INV000402,,False
INV000403,58.2,True
INV000404,,False
INV000405,,False
INV000406,,False
INV000407,82.4,True
INV000408,46.8,True
INV000409,,False
INV000410,,False
INV000411,,False
INV000412,43.714285714285715,True
INV000413,,False
INV000414,66.28571428571429,True
INV000415,66.16666666666667,True
INV000416,,False
INV000417,,False
INV000418,86.8,True
INV000419,,False
INV000420,,False
INV000421,,False
INV000422,,False
INV000423,,False
INV000424,,False
INV000425,,False
INV000426,,False
INV000427,68.5,True
INV000428,52.142857142857146,True
INV000429,77.2,True
INV000430,,False
INV000431,,False
INV000432,,False
INV000433,,False
INV000434,,False
INV000435,,False
INV000436,,False
INV000437,97.8,True
INV000438,,False
INV000439,,False
INV000440,69.57142857142857,True
INV000441,60.8,True
INV000442,,False
INV000443,,False
INV000444,73.2,True
INV000445,57.75,True
INV000446,38.6,True
INV000449,46.8,True
INV000450,,False
INV000452,49.375,True
INV000453,,False
INV000454,,False
INV000455,,False
INV000456,,False
INV000457,91.4,True
INV000458,,False
INV000459,,False
INV000460,43.4,True
INV000461,,False
INV000462,,False
INV000463,65.16666666666667,True
INV000465,,False
INV000466,73.33333333333333,True
INV000467,56.666666666666664,True
INV000468,,False
INV000469,70.5,True
INV000470,,False
INV000471,,False
INV000472,,False
INV000473,,False
INV000474,,False
INV000475,,False
INV000476,,False
INV000477,,False
INV000478,,False
INV000479,,False
INV000480,,False
INV000481,,False
INV000482,,False
INV000483,70.42857142857143,True
INV000484,,False
INV000485,,False
INV000487,,False
INV000488,,False
INV000489,,False
INV000490,,False
INV000491,95.0,True
INV000492,,False
INV000493,47.55555555555556,True
INV000494,,False
INV000495,,False
INV000496,,False
INV000497,71.83333333333333,True
INV000498,,False
INV000499,77.83333333333333,True
INV000500,,False
INV000501,,False
INV000502,,False
INV000503,,False
INV000504,,False
INV000505,,False
INV000506,,False
INV000507,70.16666666666667,True
INV000509,,False
INV000510,,False
INV000511,,False
INV000512,54.75,True
INV000513,,False
INV000514,,False
INV000516,,False
INV000517,,False
INV000518,,False
INV000519,,False
INV000520,,False
INV000521,,False
INV000522,100.8,True
INV000523,,False
INV000524,55.0,True
INV000525,,False
INV000526,,False
INV000527,50.8,True
INV000528,,False
INV000529,59.2,True
INV000530,,False
INV000531,47.0,True
INV000532,,False
INV000533,,False
INV000534,,False
INV000535,,False
INV000536,,False
INV000537,,False
INV000538,,False
INV000539,77.0,True
INV000540,73.5,True
INV000541,,False
INV000542,,False
INV000543,83.66666666666667,True
INV000544,,False
INV000545,80.6,True
INV000546,55.0,True
INV000547,55.8,True
INV000548,,False
INV000549,96.2,True
INV000550,,False
INV000551,,False
INV000552,,False
INV000553,72.0,True
INV000554,70.2,True
INV000555,,False
INV000556,52.42857142857143,True
INV000557,,False
INV000558,,False
INV000559,,False
INV000560,,False
INV000561,,False
INV000562,74.4,True
INV000563,76.33333333333333,True
INV000564,,False
INV000565,,False
INV000566,35.0,True
INV000567,63.8,True
INV000568,62.4,True
INV000569,,False
INV000570,67.28571428571429,True
INV000571,,False
INV000572,,False
INV000573,50.833333333333336,True
INV000574,,False
INV000575,71.6,True
INV000576,,False
INV000577,,False
INV000578,66.83333333333333,True
INV000579,,False
INV000580,,False
INV000581,78.33333333333333,True
INV000583,,False
INV000584,,False
INV000585,,False
INV000586,44.5,True
INV000587,,False
INV000588,,False
INV000589,59.125,True
INV000590,,False
INV000591,64.5,True
INV000592,,False
INV000593,74.2,True
INV000594,,False
INV000595,,False
INV000596,51.75,True
INV000597,88.6,True
INV000598,,False
INV000599,81.5,True
INV000600,,False
INV000601,,False
INV000602,,False
INV000603,,False
INV000604,,False
INV000605,,False
INV000606,,False
INV000607,66.66666666666667,True
INV000608,100.2,True
INV000609,47.0,True
INV000611,,False
INV000612,49.3,True
INV000613,,False
INV000614,,False
INV000615,55.833333333333336,True
INV000616,,False
INV000617,,False
INV000618,,False
INV000619,,False
INV000620,,False
INV000621,,False
INV000622,,False
INV000623,,False
INV000624,31.666666666666668,True
INV000625,86.4,True
INV000626,,False
INV000627,,False
INV000628,,False
INV000629,,False
INV000630,68.66666666666667,True
INV000631,54.0,True
INV000632,,False
INV000633,,False
INV000634,52.25,True
INV000635,75.0,True
INV000636,,False
INV000637,,False
INV000638,,False
INV000639,,False
INV000640,,False
INV000641,54.8,True
INV000642,53.5,True
INV000643,,False
INV000644,,False
INV000645,66.0,True
INV000646,62.333333333333336,True
INV000647,,False
INV000648,,False
INV000649,,False
INV000650,,False
INV000651,94.0,True
INV000652,93.8,True
INV000653,,False
INV000654,,False
INV000656,,False
INV000657,64.71428571428571,True
INV000658,,False
INV000659,,False
INV000660,,False
INV000661,,False
INV000662,66.14285714285714,True
INV000663,94.4,True
INV000664,,False
INV000665,36.22222222222222,True
INV000666,,False
INV000667,68.0,True
INV000668,,False
INV000669,,False
INV000670,,False
INV000671,,False
INV000672,,False
INV000673,92.8,True
INV000674,,False
INV000675,62.8,True
INV000676,35.3,True
INV000677,,False
INV000678,63.333333333333336,True
INV000679,,False
INV000680,,False
INV000681,,False
INV000682,,False
INV000683,54.5,True
INV000684,,False
INV000685,,False
INV000686,,False
INV000687,,False
INV000688,,False
INV000689,,False
INV000690,56.285714285714285,True
INV000691,66.4,True
INV000692,,False
INV000693,,False
INV000695,,False
INV000696,,False
INV000698,52.25,True
INV000699,42.8,True
INV000700,,False
INV000701,83.66666666666667,True
INV000702,,False
INV000703,,False
INV000704,,False
INV000705,,False
INV000706,,False
INV000707,34.375,True
INV000708,,False
INV000709,65.16666666666667,True
INV000710,88.6,True
INV000711,,False
INV000713,,False
INV000714,37.0,True
INV000715,,False
INV000716,,False
INV000717,,False
INV000718,57.833333333333336,True
INV000719,72.83333333333333,True
INV000720,,False
INV000721,,False
INV000722,,False
INV000723,,False
INV000724,81.2,True
INV000725,67.66666666666667,True
INV000726,,False
INV000727,,False
INV000728,,False
INV000729,,False
INV000730,,False
INV000731,,False
INV000732,,False
INV000733,,False
INV000734,64.0,True
INV000735,,False
INV000736,,False
INV000737,92.6,True
INV000738,,False
INV000739,,False
INV000740,,False
INV000741,,False
INV000742,,False
INV000743,,False
INV000744,,False
INV000745,,False
INV000746,,False
INV000747,84.6,True
INV000748,,False
INV000749,,False
INV000750,26.5,True
INV000751,53.0,True
INV000752,,False
INV000753,,False
INV000754,72.33333333333333,True
INV000755,,False
INV000756,,False
INV000757,,False
INV000758,,False
INV000759,83.0,True
INV000760,,False
INV000761,75.16666666666667,True
INV000762,,False
INV000763,,False
INV000764,,False
INV000765,,False
INV000766,,False
INV000767,,False
INV000768,60.0,True
INV000769,,False
INV000770,,False
INV000771,,False
INV000772,46.0,True
INV000774,73.66666666666667,True
INV000775,,False
INV000776,59.42857142857143,True
INV000777,66.0,True
INV000778,59.714285714285715,True
INV000779,75.0,True
INV000780,,False
INV000781,,False
INV000782,,False
INV000783,89.8,True
INV000784,,False
INV000785,32.6,True
INV000786,64.125,True
INV000787,,False
INV000788,,False
INV000789,55.142857142857146,True
INV000790,,False
INV000791,,False
INV000792,,False
INV000793,69.14285714285714,True
INV000794,,False
INV000795,,False
INV000796,,False
INV000797,,False
INV000798,,False
INV000799,,False
INV000800,,False
INV000801,,False
INV000802,,False
INV000803,77.16666666666667,True
INV000804,,False
INV000806,,False
INV000808,,False
INV000809,,False
INV000810,,False
INV000811,,False
INV000813,,False
INV000814,94.0,True
INV000815,,False
INV000816,,False
INV000818,,False
INV000819,,False
INV000820,,False
INV000821,,False
INV000822,55.5,True
INV000823,39.666666666666664,True
INV000824,,False
INV000825,,False
INV000826,,False
INV000827,58.285714285714285,True
INV000828,,False
INV000829,,False
INV000830,72.2,True
INV000831,,False
INV000832,,False
INV000833,67.28571428571429,True
INV000834,,False
INV000835,,False
INV000836,84.8,True
INV000837,,False
INV000838,,False
INV000839,,False
INV000840,,False
INV000841,,False
INV000842,,False
INV000843,55.6,True
INV000844,66.16666666666667,True
INV000845,,False
INV000846,,False
INV000847,47.8,True
INV000848,,False
INV000849,,False
INV000850,,False
INV000851,,False
INV000852,,False
INV000853,49.333333333333336,True
INV000854,61.25,True
INV000855,,False
INV000856,,False
INV000857,,False
INV000858,44.875,True
INV000859,,False
INV000860,,False
INV000861,,False
INV000862,91.2,True
INV000863,,False
INV000864,40.8,True
INV000865,45.75,True
INV000866,,False
INV000867,,False
INV000868,,False
INV000869,65.4,True
INV000870,,False
INV000871,,False
INV000872,,False
INV000873,73.5,True
INV000874,62.125,True
INV000875,,False
INV000876,,False
INV000877,59.4,True
INV000878,,False
INV000879,,False
INV000880,,False
INV000881,46.111111111111114,True
INV000882,,False
INV000883,,False
INV000884,,False
INV000885,,False
INV000886,,False
INV000887,65.66666666666667,True
INV000888,80.33333333333333,True
INV000889,,False
INV000890,,False
INV000891,,False
INV000892,,False
INV000893,59.5,True
INV000894,55.0,True
INV000895,,False
INV000896,,False
INV000897,,False
INV000898,,False
INV000899,,False
INV000900,,False
INV000901,54.0,True
INV000902,,False
INV000904,,False
INV000905,,False
INV000906,,False
INV000907,59.2,True
INV000908,,False
INV000909,,False
INV000910,,False
INV000911,,False
INV000912,,False
INV000913,,False
INV000914,,False
INV000915,,False
INV000916,,False
INV000918,,False
INV000919,,False
INV000920,75.6,True
INV000921,,False
INV000922,,False
INV000923,,False
INV000924,,False
INV000925,,False
INV000926,80.0,True
INV000927,,False
INV000928,,False
INV000929,58.166666666666664,True
INV000930,32.42857142857143,True
INV000931,,False
INV000933,,False
INV000934,,False
INV000935,30.875,True
INV000936,,False
INV000937,,False
INV000938,,False
INV000939,60.57142857142857,True
INV000940,,False
INV000941,,False
INV000942,53.0,True
INV000943,,False
INV000944,,False
INV000945,,False
INV000946,,False
INV000947,,False
INV000948,,False
INV000949,67.5,True
INV000950,91.0,True
INV000951,,False
INV000953,,False
INV000954,,False
INV000955,,False
INV000956,,False
INV000957,,False
INV000958,,False
INV000959,,False
INV000960,,False
INV000961,,False
INV000962,,False
INV000963,,False
INV000964,,False
INV000965,,False
INV000966,,False
INV000967,,False
INV000968,,False
INV000969,,False
INV000970,,False
INV000971,46.833333333333336,True
INV000972,,False
INV000974,73.5,True
INV000975,,False
INV000977,48.77777777777778,True
INV000978,,False
INV000979,79.8,True
INV000980,44.42857142857143,True
INV000981,50.4,True
INV000982,,False
INV000983,,False
INV000984,,False
INV000985,,False
INV000986,60.833333333333336,True
INV000987,,False
INV000988,,False
INV000989,,False
INV000990,,False
INV000991,,False
INV000992,,False
INV000993,,False
INV000994,63.8,True
INV000995,,False
INV000997,,False
INV000998,,False
INV000999,,False
INV001001,60.285714285714285,True
INV001002,41.666666666666664,True
INV001003,,False
INV001004,,False
INV001005,93.6,True
INV001006,,False
INV001007,,False
INV001008,64.66666666666667,True
INV001009,,False
INV001010,,False
INV001011,,False
INV001012,,False
INV001013,96.8,True
INV001014,,False
INV001015,,False
INV001016,,False
INV001017,67.0,True
INV001019,44.875,True
INV001020,,False
INV001021,68.66666666666667,True
INV001023,72.42857142857143,True
INV001024,,False
INV001025,38.8,True
INV001026,69.4,True
INV001027,,False
INV001028,,False
INV001029,,False
INV001030,,False
INV001031,,False
INV001032,,False
INV001033,,False
INV001034,,False
INV001035,,False
INV001036,,False
INV001037,42.0,True
INV001038,,False
INV001039,66.2,True
INV001040,,False
INV001041,83.0,True
INV001042,,False
INV001043,,False
INV001044,,False
INV001045,,False
INV001046,,False
INV001047,66.16666666666667,True
INV001048,47.0,True
INV001049,,False
INV001050,,False
INV001051,54.142857142857146,True
INV001052,,False
INV001053,55.857142857142854,True
INV001054,,False
INV001055,93.2,True
INV001056,,False
INV001057,,False
INV001058,,False
INV001059,,False
INV001060,53.375,True
INV001061,51.125,True
INV001062,,False
INV001063,43.285714285714285,True
INV001064,59.5,True
INV001065,,False
INV001066,,False
INV001067,,False
INV001068,,False
INV001069,41.285714285714285,True
INV001070,97.0,True
INV001071,,False
INV001072,,False
INV001073,,False
INV001074,,False
INV001075,,False
INV001076,,False
INV001077,,False
INV001079,,False
INV001080,,False
INV001081,,False
INV001082,,False
INV001083,,False
INV001084,,False
INV001085,,False
INV001086,,False
INV001087,,False
INV001088,,False
INV001089,,False
INV001090,,False
INV001091,,False
INV001092,77.33333333333333,True
INV001093,,False
INV001094,,False
INV001095,,False
INV001096,,False
INV001099,26.142857142857142,True
INV001100,,False
INV001101,,False
INV001102,55.333333333333336,True
INV001103,,False
INV001104,,False
INV001105,,False
INV001106,,False
INV001107,,False
INV001108,,False
INV001109,,False
INV001110,,False
INV001111,,False
INV001112,,False
INV001113,,False
INV001114,,False
INV001115,81.4,True
INV001116,58.125,True
INV001117,61.714285714285715,True
INV001118,,False
INV001119,,False
INV001120,,False
INV001121,,False
INV001122,,False
INV001123,,False
INV001124,,False
INV001126,,False
INV001127,,False
INV001128,,False
INV001129,,False
INV001130,76.83333333333333,True
INV001131,,False
INV001132,,False
INV001133,,False
INV001134,,False
INV001136,,False
INV001137,57.0,True
INV001138,,False
INV001139,,False
INV001140,60.4,True
INV001141,97.6,True
INV001142,42.833333333333336,True
INV001143,,False
INV001144,,False
INV001145,,False
INV001146,,False
INV001148,,False
INV001149,,False
INV001150,,False
INV001151,,False
INV001152,,False
INV001153,,False
INV001154,,False
INV001155,,False
INV001156,102.4,True
INV001157,,False
INV001158,,False
INV001159,,False
INV001160,57.57142857142857,True
INV001161,80.6,True
INV001163,67.33333333333333,True
INV001164,,False
INV001165,,False
INV001166,,False
INV001167,96.2,True
INV001168,,False
INV001169,,False
INV001170,68.2,True
INV001171,,False
INV001172,,False
INV001173,67.0,True
INV001174,,False
INV001175,,False
INV001176,,False
INV001177,,False
INV001178,79.66666666666667,True
INV001179,,False
INV001180,74.4,True
INV001181,67.42857142857143,True
INV001182,,False
INV001183,,False
INV001184,,False
INV001185,,False
INV001186,,False
INV001187,,False
INV001188,,False
INV001189,,False
INV001190,97.0,True
INV001191,,False
INV001192,,False
INV001193,,False
INV001194,,False
INV001195,53.42857142857143,True
INV001196,92.2,True
INV001197,,False
INV001198,,False
INV001199,,False
INV001200,,False
INV001201,,False
INV001202,58.0,True
INV001203,,False
INV001204,,False
INV001205,,False
INV001206,83.6,True
INV001207,,False
INV001208,51.833333333333336,True
INV001209,,False
INV001210,36.875,True
INV001211,,False
INV001212,,False
INV001213,,False
INV001214,,False
INV001215,,False
INV001216,,False
INV001217,60.142857142857146,True
INV001218,,False
INV001219,50.857142857142854,True
INV001220,77.16666666666667,True
INV001221,,False
INV001222,,False
INV001223,70.83333333333333,True
INV001224,,False
INV001225,,False
INV001226,,False
INV001227,,False
INV001228,,False
INV001229,,False
INV001230,,False
INV001231,,False
INV001232,,False
INV001233,,False
INV001234,60.57142857142857,True
INV001235,59.0,True
INV001236,,False
INV001237,98.0,True
INV001238,68.5,True
INV001239,,False
INV001240,,False
INV001241,,False
INV001242,69.8,True
INV001243,,False
INV001244,,False
INV001245,,False
INV001246,,False
INV001247,,False
INV001248,,False
INV001249,,False
INV001250,,False
INV001251,82.0,True
INV001254,,False
INV001255,,False
INV001256,,False
INV001257,,False
INV001258,,False
INV001259,,False
INV001260,,False
INV001261,,False
INV001262,44.833333333333336,True
INV001263,,False
INV001264,,False
INV001265,,False
INV001266,,False
INV001267,,False
INV001269,,False
INV001270,,False
INV001271,,False
INV001273,,False
INV001274,73.33333333333333,True
INV001275,66.66666666666667,True
INV001276,,False
INV001277,,False
INV001279,,False
INV001280,,False
INV001281,,False
INV001282,67.0,True
INV001284,,False
INV001285,,False
INV001286,,False
INV001287,92.2,True
INV001288,45.666666666666664,True
INV001289,,False
INV001290,,False
INV001291,76.2,True
INV001292,,False
INV001294,,False
INV001295,50.75,True
INV001296,,False
INV001297,,False
INV001298,71.83333333333333,True
INV001299,51.25,True
INV001300,,False
INV001301,,False
INV001302,,False
INV001304,97.6,True
INV001305,,False
INV001306,,False
INV001307,,False
INV001308,54.625,True
INV001309,,False
INV001310,81.2,True
INV001311,,False
INV001312,,False
INV001313,,False
INV001314,50.44444444444444,True
INV001315,51.833333333333336,True
INV001316,92.4,True
INV001317,84.8,True
INV001318,46.22222222222222,True
INV001319,,False
INV001320,,False
INV001321,,False
INV001322,,False
INV001323,,False
INV001324,,False
INV001325,,False
INV001326,69.42857142857143,True
INV001327,,False
INV001328,,False
INV001329,68.2,True
INV001330,,False
INV001331,94.2,True
INV001332,80.0,True
INV001333,78.66666666666667,True
INV001334,,False
INV001335,,False
INV001336,65.85714285714286,True
INV001337,,False
INV001338,,False
INV001339,,False
INV001340,,False
INV001341,,False
INV001342,,False
INV001343,,False
INV001344,,False
INV001345,,False
INV001346,,False
INV001347,,False
INV001348,47.833333333333336,True
INV001349,,False
INV001350,,False
INV001351,70.5,True
INV001352,,False
INV001353,,False
INV001354,,False
INV001355,60.2,True
INV001356,79.2,True
INV001357,,False
INV001358,,False
INV001359,72.5,True
INV001360,,False
INV001361,50.5,True
INV001362,,False
INV001363,,False
INV001365,,False
INV001366,,False
INV001367,99.0,True
INV001368,,False
INV001369,,False
INV001370,,False
INV001371,,False
INV001372,,False
INV001373,,False
INV001374,,False
INV001375,78.5,True
INV001376,78.66666666666667,True
INV001377,,False
INV001378,,False
INV001379,,False
INV001380,,False
INV001382,,False
INV001383,56.142857142857146,True
INV001384,,False
INV001385,,False
INV001386,,False
INV001387,57.25,True
INV001388,,False
INV001389,,False
INV001390,,False
INV001391,,False
INV001392,,False
INV001393,,False
INV001394,63.57142857142857,True
INV001395,,False
INV001396,,False
INV001397,,False
INV001398,,False
INV001399,,False
INV001400,76.8,True
INV001401,68.6,True
INV001402,,False
INV001403,,False
INV001404,,False
INV001405,,False
INV001406,47.666666666666664,True
INV001407,45.2,True
INV001408,,False
INV001409,,False
INV001410,,False
INV001411,,False
INV001412,,False
INV001413,,False
INV001414,,False
INV001415,68.14285714285714,True
INV001416,,False
INV001417,,False
INV001418,88.6,True
INV001419,85.8,True
INV001420,,False
INV001421,,False
INV001422,,False
INV001423,48.57142857142857,True
INV001424,,False
INV001425,,False
INV001426,,False
INV001427,,False
INV001428,79.4,True
INV001429,,False
INV001430,,False
INV001431,,False
INV001432,71.4,True
INV001433,,False
INV001434,80.6,True
INV001435,,False
INV001436,,False
INV001437,,False
INV001438,,False
INV001439,,False
INV001440,,False
INV001441,,False
INV001442,57.125,True
INV001443,,False
INV001444,,False
INV001445,,False
INV001446,,False
INV001447,,False
INV001448,,False
INV001449,,False
INV001450,,False
INV001451,,False
INV001452,,False
INV001453,,False
INV001454,73.0,True
INV001455,64.71428571428571,True
INV001456,,False
INV001457,43.8,True
INV001458,59.833333333333336,True
INV001459,,False
INV001460,,False
INV001461,,False
INV001462,,False
INV001463,,False
INV001464,,False
INV001465,,False
INV001466,44.6,True
INV001467,,False
INV001468,,False
INV001469,,False
INV001470,,False
INV001472,79.0,True
INV001473,,False
INV001474,,False
INV001475,,False
INV001476,,False
INV001477,,False
INV001478,,False
INV001479,,False
INV001480,,False
INV001481,,False
INV001482,80.6,True
INV001483,,False
INV001484,,False
INV001485,55.0,True
INV001486,,False
INV001487,,False
INV001488,,False
INV001489,,False
INV001491,98.8,True
INV001492,,False
INV001494,,False
INV001495,,False
INV001496,,False
INV001497,63.0,True
INV001498,,False
INV001499,,False
INV001500,,False
INV001501,,False
INV001502,,False
INV001503,,False
INV001504,54.25,True
INV001505,,False
INV001506,,False
INV001507,86.2,True
INV001508,,False
INV001509,,False
INV001510,66.83333333333333,True
INV001511,,False
INV001512,,False
INV001513,,False
INV001514,51.833333333333336,True
INV001515,,False
INV001516,56.8,True
INV001518,,False
INV001519,,False
INV001520,,False
INV001521,,False
INV001522,,False
INV001524,,False
INV001525,,False
INV001526,50.4,True
INV001527,,False
INV001528,,False
INV001529,,False
INV001530,64.66666666666667,True
INV001531,,False
INV001532,56.833333333333336,True
INV001534,,False
INV001535,,False
INV001536,69.0,True
INV001537,,False
INV001538,,False
INV001539,,False
INV001540,,False
INV001542,,False
INV001543,,False
INV001544,,False
INV001545,92.8,True
INV001547,72.16666666666667,True
INV001548,80.6,True
INV001549,,False
INV001550,79.0,True
INV001551,61.8,True
INV001552,,False
INV001553,,False
INV001554,,False
INV001555,,False
INV001556,,False
INV001557,,False
INV001558,,False
INV001560,,False
INV001561,,False
INV001562,44.22222222222222,True
INV001563,,False
INV001564,55.714285714285715,True
INV001566,,False
INV001567,,False
INV001568,,False
INV001569,83.4,True
INV001570,,False
INV001571,,False
INV001572,,False
INV001573,,False
INV001574,,False
INV001575,,False
INV001576,,False
INV001577,,False
INV001578,,False
INV001579,75.0,True
INV001580,45.666666666666664,True
INV001581,,False
INV001582,,False
INV001583,,False
INV001584,,False
INV001585,56.6,True
INV001586,,False
INV001587,65.0,True
INV001588,,False
INV001589,,False
INV001590,,False
INV001591,,False
INV001592,,False
INV001593,,False
INV001594,,False
INV001595,,False
INV001596,,False
INV001597,56.0,True
INV001598,,False
INV001599,58.2,True
INV001600,,False
INV001601,,False
INV001602,93.8,True
INV001603,54.5,True
INV001604,,False
INV001605,60.57142857142857,True
INV001606,67.66666666666667,True
INV001607,,False
INV001608,,False
INV001609,,False
INV001611,,False
INV001612,,False
INV001613,,False
INV001614,,False
INV001615,,False
INV001616,53.0,True
INV001617,,False
INV001618,,False
INV001619,,False
INV001620,,False
INV001621,,False
INV001622,,False
INV001623,92.0,True
INV001624,,False
INV001625,72.0,True
INV001626,,False
INV001627,,False
INV001628,51.714285714285715,True
INV001629,67.5,True
INV001630,,False
INV001631,57.0,True
INV001633,,False
INV001634,,False
INV001635,,False
INV001636,48.875,True
INV001637,,False
INV001638,,False
INV001639,,False
INV001640,,False
INV001641,88.4,True
INV001642,,False
INV001643,,False
INV001644,65.6,True
INV001645,67.6,True
INV001646,,False
INV001648,,False
INV001649,51.666666666666664,True
INV001650,,False
INV001651,78.66666666666667,True
INV001652,,False
INV001653,55.2,True
INV001654,56.0,True
INV001655,,False
INV001656,59.857142857142854,True
INV001658,,False
INV001659,,False
INV001660,,False
INV001661,,False
INV001662,60.2,True
INV001663,,False
INV001664,,False
INV001665,,False
INV001666,,False
INV001667,,False
INV001668,,False
INV001669,,False
INV001670,,False
INV001671,,False
INV001672,34.0,True
INV001673,49.3,True
INV001674,,False
INV001676,,False
INV001677,,False
INV001678,,False
INV001679,,False
INV001680,58.875,True
INV001681,,False
INV001682,,False
INV001683,72.5,True
INV001684,,False
INV001685,,False
INV001686,,False
INV001687,,False
INV001688,,False
INV001689,83.6,True
INV001690,81.16666666666667,True
INV001691,82.0,True
INV001692,,False
INV001693,,False
INV001694,66.14285714285714,True
INV001695,,False
INV001696,,False
INV001697,62.5,True
INV001698,,False
INV001699,83.2,True
INV001700,,False
INV001701,,False
INV001702,,False
INV001703,,False
INV001705,,False
INV001706,,False
INV001707,,False
INV001708,,False
INV001709,51.8,True
INV001710,,False
INV001711,65.83333333333333,True
INV001712,66.6,True
INV001713,,False
INV001714,,False
INV001715,68.28571428571429,True
INV001716,,False
INV001718,84.0,True
INV001719,,False
INV001720,,False
INV001721,,False
INV001722,,False
INV001723,,False
INV001724,69.66666666666667,True
INV001725,,False
INV001726,,False
INV001727,,False
INV001728,50.57142857142857,True
INV001729,,False
INV001730,,False
INV001731,,False
INV001732,,False
INV001733,,False
INV001734,,False
INV001735,,False
INV001736,,False
INV001737,56.833333333333336,True
INV001738,47.5,True
INV001739,52.5,True
INV001740,,False
INV001741,89.4,True
INV001742,,False
INV001743,,False
INV001744,78.5,True
INV001745,,False
INV001746,,False
INV001747,,False
INV001748,,False
INV001749,,False
INV001750,,False
INV001751,,False
INV001752,69.33333333333333,True
INV001753,42.8,True
INV001754,,False
INV001757,55.57142857142857,True
INV001758,,False
INV001759,49.55555555555556,True
INV001760,,False
INV001761,,False
INV001762,,False
INV001763,,False
INV001764,,False
INV001765,,False
INV001766,,False
INV001768,,False
INV001769,98.0,True
INV001770,,False
INV001771,,False
INV001772,95.0,True
INV001773,,False
INV001774,,False
INV001775,29.142857142857142,True
INV001776,,False
INV001777,57.625,True
INV001778,63.57142857142857,True
INV001779,,False
INV001780,,False
INV001781,,False
INV001782,,False
INV001783,,False
INV001784,,False
INV001785,,False
INV001786,,False
INV001787,,False
INV001788,,False
INV001789,,False
INV001790,,False
INV001791,,False
INV001792,,False
INV001793,,False
INV001794,,False
INV001795,,False
INV001796,,False
INV001797,79.66666666666667,True
INV001798,,False
INV001799,,False
INV001800,49.666666666666664,True
INV001801,,False
INV001802,61.666666666666664,True
INV001803,59.0,True
INV001804,55.857142857142854,True
INV001805,,False
INV001806,60.0,True
INV001809,95.6,True
INV001810,,False
INV001811,54.25,True
INV001813,,False
INV001814,,False
INV001815,,False
INV001816,,False
INV001817,,False
INV001818,,False
INV001819,,False
INV001820,,False
INV001821,,False
INV001822,19.8,True
INV001823,58.142857142857146,True
INV001824,,False
INV001825,,False
INV001826,51.2,True
INV001827,,False
INV001828,44.42857142857143,True
INV001829,,False
INV001830,,False
INV001831,72.8,True
INV001832,,False
INV001833,,False
INV001834,,False
INV001835,,False
INV001836,,False
INV001837,62.833333333333336,True
INV001838,,False
INV001839,,False
INV001840,,False
INV001841,56.2,True
INV001842,,False
INV001843,,False
INV001844,,False
INV001845,,False
INV001846,,False
INV001847,,False
INV001848,,False
INV001849,,False
INV001850,,False
INV001851,,False
INV001852,,False
INV001853,47.42857142857143,True
INV001854,,False
INV001855,,False
INV001856,,False
INV001857,,False
INV001858,55.142857142857146,True
INV001859,,False
INV001860,,False
INV001861,,False
INV001862,,False
INV001863,,False
INV001865,63.5,True
INV001866,58.8,True
INV001867,,False
INV001868,,False
INV001869,,False
INV001870,76.0,True
INV001871,55.0,True
INV001872,,False
INV001873,,False
INV001874,,False
INV001875,,False
INV001876,,False
INV001877,,False
INV001878,,False
INV001879,,False
INV001880,,False
INV001881,,False
INV001882,,False
INV001883,99.2,True
INV001885,71.2,True
INV001886,50.75,True
INV001887,,False
INV001888,,False
INV001890,102.6,True
INV001891,96.4,True
INV001892,,False
INV001893,,False
INV001895,,False
INV001896,,False
INV001897,,False
INV001899,,False
INV001900,,False
INV001901,,False
INV001902,,False
INV001903,,False
INV001904,,False
INV001905,,False
INV001906,,False
INV001908,,False
INV001909,62.142857142857146,True
INV001910,,False
INV001911,,False
INV001912,86.4,True
INV001913,,False
INV001914,,False
INV001915,,False
INV001916,,False
INV001917,,False
INV001918,,False
INV001919,,False
INV001920,39.0,True
INV001921,68.57142857142857,True
INV001922,,False
INV001923,80.66666666666667,True
INV001924,59.166666666666664,True
INV001925,,False
INV001926,,False
INV001927,58.8,True
INV001928,,False
INV001929,66.2,True
INV001930,,False
INV001931,,False
INV001932,,False
INV001933,,False
INV001934,,False
INV001935,,False
INV001936,,False
INV001937,60.42857142857143,True
INV001938,43.0,True
INV001939,,False
INV001940,,False
INV001942,,False
INV001943,74.4,True
INV001944,,False
INV001945,,False
INV001946,,False
INV001947,,False
INV001948,,False
INV001949,,False
INV001950,60.166666666666664,True
INV001951,58.833333333333336,True
INV001952,,False
INV001954,86.8,True
INV001955,76.0,True
INV001956,,False
INV001957,,False
INV001959,,False
INV001960,,False
INV001961,83.4,True
INV001962,,False
INV001963,,False
INV001964,,False
INV001965,,False
INV001966,,False
INV001967,,False
INV001968,,False
INV001969,79.2,True
INV001970,,False
INV001971,54.714285714285715,True
INV001972,42.42857142857143,True
INV001973,,False
INV001974,,False
INV001975,,False
INV001976,,False
INV001977,,False
INV001978,83.2,True
INV001979,55.4,True
INV001980,,False
INV001981,,False
INV001982,85.8,True
INV001983,,False
INV001984,,False
INV001985,,False
INV001986,47.666666666666664,True
INV001987,67.0,True
INV001988,,False
INV001989,,False
INV001990,45.285714285714285,True
INV001991,,False
INV001992,,False
INV001993,56.6,True
INV001994,,False
INV001995,48.6,True
INV001996,,False
INV001997,88.6,True
INV001998,,False
INV001999,,False
INV002000,,False
INV002001,84.8,True
INV002002,,False
INV002003,,False
INV002004,,False
INV002005,,False
INV002006,73.6,True
INV002007,,False
INV002008,,False
INV002009,,False
INV002010,74.6,True
INV002011,,False
INV002012,,False
INV002013,,False
INV002014,,False
INV002015,,False
INV002016,,False
INV002017,44.666666666666664,True
INV002018,63.6,True
INV002019,68.8,True
INV002020,,False
INV002021,,False
INV002022,,False
INV002023,,False
INV002024,,False
INV002025,55.833333333333336,True
INV002026,,False
INV002027,,False
INV002028,,False
INV002029,,False
INV002030,,False
INV002031,,False
INV002032,,False
INV002033,55.0,True
INV002034,69.0,True
INV002035,,False
INV002036,,False
INV002037,33.2,True
INV002038,84.0,True
INV002039,,False
INV002040,,False
INV002041,,False
INV002042,,False
INV002043,,False
INV002044,,False
INV002045,,False
INV002046,,False
INV002047,,False
INV002048,,False
INV002049,,False
INV002050,,False
INV002051,78.6,True
INV002052,44.166666666666664,True
INV002053,,False
INV002054,,False
INV002055,,False
INV002056,,False
INV002057,,False
INV002058,,False
INV002059,,False
INV002060,,False
INV002061,,False
INV002063,,False
INV002064,,False
INV002065,,False
INV002066,,False
INV002067,,False
INV002068,,False
INV002069,47.55555555555556,True
INV002070,81.33333333333333,True
INV002071,,False
INV002072,,False
INV002073,,False
INV002074,,False
INV002075,,False
INV002076,,False
INV002077,,False
INV002078,,False
INV002079,,False
INV002080,,False
INV002081,,False
INV002082,,False
INV002083,51.666666666666664,True
INV002084,,False
INV002085,65.0,True
INV002087,,False
INV002088,,False
INV002089,,False
INV002090,90.2,True
INV002091,,False
INV002092,33.5,True
INV002093,,False
INV002094,,False
INV002095,,False
INV002096,,False
INV002097,,False
INV002098,,False
INV002099,,False
INV002101,80.2,True
INV002102,44.8,True
INV002103,,False
INV002104,,False
INV002106,,False
INV002107,71.14285714285714,True
INV002108,,False
INV002109,,False
INV002110,,False
INV002111,62.42857142857143,True
INV002112,,False
INV002113,,False
INV002114,,False
INV002115,,False
INV002116,,False
INV002117,,False
INV002118,,False
INV002119,78.0,True
INV002120,,False
INV002121,68.5,True
INV002122,40.333333333333336,True
INV002123,,False
INV002124,,False
INV002125,,False
INV002126,,False
INV002127,60.2,True
INV002128,,False
INV002129,,False
INV002130,,False
INV002131,,False
INV002132,,False
INV002133,,False
INV002134,82.66666666666667,True
INV002135,,False
INV002136,,False
INV002137,,False
INV002138,91.8,True
INV002139,,False
INV002140,,False
INV002141,,False
INV002142,45.5,True
INV002143,63.57142857142857,True
INV002144,,False
INV002145,,False
INV002146,,False
INV002147,,False
INV002148,,False
INV002149,42.285714285714285,True
INV002150,73.6,True
INV002151,60.375,True
INV002152,,False
INV002153,67.83333333333333,True
INV002154,89.4,True
INV002155,78.0,True
INV002156,,False
INV002157,58.5,True
INV002158,,False
INV002159,65.0,True
INV002160,,False
INV002161,,False
INV002162,58.375,True
INV002163,,False
INV002164,,False
INV002165,,False
INV002166,99.2,True
INV002167,,False
INV002168,,False
INV002169,,False
INV002170,,False
INV002171,55.833333333333336,True
INV002172,,False
INV002173,,False
INV002174,,False
INV002175,,False
INV002176,,False
INV002177,73.0,True
INV002178,66.42857142857143,True
INV002179,54.142857142857146,True
INV002180,,False
INV002181,,False
INV002182,70.5,True
INV002183,,False
INV002184,,False
INV002185,48.4,True
INV002186,74.83333333333333,True
INV002187,67.83333333333333,True
INV002188,,False
INV002189,,False
INV002190,,False
INV002191,,False
INV002192,,False
INV002193,,False
INV002194,,False
INV002195,49.25,True
INV002196,62.142857142857146,True
INV002197,,False
INV002198,43.0,True
INV002199,50.833333333333336,True
INV002200,,False
INV002201,,False
INV002202,70.42857142857143,True
INV002204,,False
INV002205,,False
INV002206,49.0,True
INV002207,,False
INV002208,71.33333333333333,True
INV002209,,False
INV002211,63.833333333333336,True
INV002212,,False
INV002213,,False
INV002214,,False
INV002215,,False
INV002216,61.714285714285715,True
INV002217,,False
INV002218,67.8,True
INV002219,70.85714285714286,True
INV002220,,False
INV002222,,False
INV002223,,False
INV002224,,False
INV002225,,False
INV002226,,False
INV002227,,False
INV002228,68.6,True
INV002229,64.6,True
INV002230,57.57142857142857,True
INV002232,69.16666666666667,True
INV002233,,False
INV002234,,False
INV002235,,False
INV002236,73.66666666666667,True
INV002237,51.666666666666664,True
INV002238,,False
INV002239,,False
INV002240,77.83333333333333,True
INV002241,65.66666666666667,True
INV002242,,False
INV002243,,False
INV002244,,False
INV002245,,False
INV002246,,False
INV002247,,False
INV002248,,False
INV002249,,False
INV002250,,False
INV002251,62.6,True
INV002252,,False
INV002253,,False
INV002255,,False
INV002256,75.6,True
INV002257,,False
INV002258,,False
INV002259,45.333333333333336,True
INV002260,77.8,True
INV002261,,False
INV002262,,False
INV002264,,False
INV002265,63.166666666666664,True
INV002266,,False
INV002267,,False
INV002268,,False
INV002269,,False
INV002270,,False
INV002271,,False
INV002272,,False
INV002273,,False
INV002274,,False
INV002275,,False
INV002276,,False
INV002277,67.33333333333333,True
INV002278,,False
INV002279,,False
INV002280,71.66666666666667,True
INV002281,,False
INV002282,53.2,True
INV002283,,False
INV002284,85.0,True
INV002285,,False
INV002286,,False
INV002287,,False
INV002288,,False
INV002290,61.6,True
INV002291,,False
INV002292,,False
INV002294,48.714285714285715,True
INV002295,64.5,True
INV002296,,False
INV002297,,False
INV002298,23.2,True
INV002299,,False
INV002300,,False
INV002301,,False
INV002302,,False
INV002304,42.55555555555556,True
INV002306,,False
INV002307,,False
INV002308,,False
INV002309,,False
INV002310,,False
INV002311,,False
INV002312,,False
INV002314,,False
INV002315,71.83333333333333,True
INV002316,,False
INV002317,,False
INV002318,,False
INV002319,60.0,True
INV002320,,False
INV002321,,False
INV002322,63.4,True
INV002323,,False
INV002324,,False
INV002325,,False
INV002326,,False
INV002327,76.4,True
INV002328,,False
INV002329,57.0,True
INV002330,,False
INV002332,,False
INV002333,,False
INV002334,,False
INV002335,,False
INV002336,,False
INV002337,,False
INV002338,,False
INV002339,,False
INV002341,,False
INV002342,74.2,True
INV002343,57.75,True
INV002344,,False
INV002345,,False
INV002346,,False
INV002347,40.5,True
INV002348,94.4,True
INV002349,52.2,True
INV002350,,False
INV002351,77.2,True
INV002352,,False
INV002353,,False
INV002355,,False
INV002357,68.33333333333333,True
INV002358,,False
INV002360,56.125,True
INV002361,55.4,True
INV002363,,False
INV002364,,False
INV002365,,False
INV002366,,False
INV002367,52.5,True
INV002368,61.166666666666664,True
INV002369,60.0,True
INV002370,70.16666666666667,True
INV002371,,False
INV002372,95.2,True
INV002373,70.14285714285714,True
INV002374,21.2,False
INV002375,,False
INV002376,,False
INV002377,,False
INV002378,,False
INV002379,,False
INV002380,,False
INV002381,,False
INV002382,,False
INV002383,,False
INV002384,39.111111111111114,True
INV002385,,False
INV002386,,False
INV002387,,False
INV002388,33.2,True
INV002389,50.77777777777778,True
INV002390,47.0,True
INV002391,40.2,True
INV002392,,False
INV002393,,False
INV002394,,False
INV002395,97.0,True
INV002396,,False
INV002397,,False
INV002399,,False
INV002400,55.375,True
INV002401,59.142857142857146,True
INV002402,47.166666666666664,True
INV002403,,False
INV002404,,False
INV002405,,False
INV002406,,False
INV002407,47.833333333333336,True
INV002408,,False
INV002409,55.57142857142857,True
INV002410,,False
INV002411,,False
INV002412,,False
INV002413,53.0,True
INV002414,,False
INV002415,57.42857142857143,True
INV002416,,False
INV002417,83.33333333333333,True
INV002418,91.6,True
INV002419,,False
INV002420,72.8,True
INV002421,,False
INV002422,50.333333333333336,True
INV002423,,False
INV002424,,False
INV002425,,False
INV002426,,False
INV002427,,False
INV002428,,False
INV002429,78.6,True
INV002430,,False
INV002431,,False
INV002432,,False
INV002433,,False
INV002434,88.2,True
INV002435,,False
INV002436,,False
INV002437,49.166666666666664,True
INV002438,,False
INV002440,,False
INV002441,,False
INV002442,,False
INV002443,,False
INV002444,,False
INV002445,38.142857142857146,True
INV002446,,False
INV002447,,False
INV002448,,False
INV002449,,False
INV002450,,False
INV002451,,False
INV002452,,False
INV002453,63.0,True
INV002454,,False
INV002455,,False
INV002457,,False
INV002458,72.4,True
INV002459,53.714285714285715,True
INV002460,,False
INV002461,,False
INV002462,,False
INV002463,95.4,True
INV002464,35.4,True
INV002465,,False
INV002466,80.66666666666667,True
INV002467,38.857142857142854,True
INV002468,,False
INV002469,,False
INV002470,,False
INV002471,56.4,True
INV002472,,False
INV002473,,False
INV002474,,False
INV002475,49.666666666666664,True
INV002476,86.0,True
INV002477,,False
INV002478,,False
INV002479,,False
INV002481,,False
INV002483,,False
INV002484,,False
INV002485,70.4,True
INV002486,,False
INV002487,,False
INV002488,,False
INV002489,,False
INV002490,70.0,True
INV002491,,False
INV002493,,False
INV002494,,False
INV002495,82.2,True
INV002496,53.0,True
INV002497,67.28571428571429,True
INV002498,,False
INV002499,,False
INV002500,,False
INV002502,,False
INV002503,,False
INV002504,,False
INV002505,,False
INV002506,,False
INV002507,,False
INV002508,51.625,True
INV002509,33.666666666666664,True
INV002510,64.33333333333333,True
INV002511,,False
INV002512,,False
INV002513,,False
INV002514,,False
INV002515,,False
INV002516,,False
INV002517,,False
INV002518,,False
INV002519,,False
INV002520,,False
INV002521,74.6,True
INV002523,,False
INV002524,,False
INV002525,,False
INV002526,,False
INV002527,49.666666666666664,True
INV002528,,False
INV002529,,False
INV002530,71.42857142857143,True
INV002531,76.33333333333333,True
INV002532,,False
INV002533,,False
INV002534,,False
INV002535,,False
INV002536,,False
INV002538,,False
INV002539,,False
INV002540,,False
INV002541,,False
INV002542,,False
INV002543,74.66666666666667,True
INV002544,,False
INV002545,,False
INV002546,,False
INV002547,89.0,True
INV002548,,False
INV002549,,False
INV002550,,False
INV002551,,False
INV002552,48.22222222222222,True
INV002553,,False
INV002554,49.666666666666664,True
INV002555,72.0,True
INV002556,,False
INV002557,67.16666666666667,True
INV002558,97.6,True
INV002559,,False
INV002560,95.2,True
INV002561,,False
INV002562,,False
INV002563,65.8,True
INV002564,,False
INV002565,,False
INV002566,,False
INV002567,82.0,True
INV002568,61.57142857142857,True
INV002569,,False
INV002570,62.0,True
INV002571,,False
INV002572,55.714285714285715,True
INV002573,,False
INV002574,79.4,True
INV002575,56.125,True
INV002576,,False
INV002577,,False
INV002578,,False
INV002579,40.8,True
INV002580,,False
INV002582,77.4,True
INV002583,,False
INV002584,,False
INV002585,65.0,True
INV002586,87.2,True
INV002587,,False
INV002588,,False
INV002589,,False
INV002590,50.22222222222222,True
INV002591,52.2,True
INV002592,,False
INV002593,,False
INV002594,94.0,True
INV002595,,False
INV002596,,False
INV002597,,False
INV002598,51.375,True
INV002599,,False
INV002600,,False
INV002601,,False
INV002602,66.0,True
INV002603,,False
INV002604,,False
INV002605,,False
INV002606,89.6,True
INV002607,,False
INV002608,,False
INV002610,,False
INV002611,,False
INV002612,,False
INV002613,65.0,True
INV002614,,False
INV002615,,False
INV002616,,False
INV002617,,False
INV002618,,False
INV002619,,False
INV002620,,False
INV002621,,False
INV002622,76.66666666666667,True
INV002623,,False
INV002624,,False
INV002625,,False
INV002626,,False
INV002627,85.0,True
INV002628,77.0,True
INV002629,,False
INV002630,,False
INV002631,,False
INV002632,65.57142857142857,True
INV002633,,False
INV002634,,False
INV002635,,False
INV002636,,False
INV002637,,False
INV002639,,False
INV002640,70.0,True
INV002641,,False
INV002642,,False
INV002643,74.2,True
INV002645,45.166666666666664,True
INV002646,,False
INV002647,,False
INV002648,,False
INV002649,,False
INV002650,,False
INV002651,,False
INV002652,,False
INV002653,,False
INV002654,61.857142857142854,True
INV002655,,False
INV002656,,False
INV002657,,False
INV002658,,False
INV002659,62.333333333333336,True
INV002660,,False
INV002661,,False
INV002662,,False
INV002664,,False
INV002666,53.166666666666664,True
INV002668,,False
INV002669,,False
INV002670,,False
INV002671,77.16666666666667,True
INV002672,,False
INV002673,65.0,True
INV002674,75.8,True
INV002675,63.857142857142854,True
INV002676,,False
INV002677,,False
INV002678,,False
INV002679,,False
INV002680,,False
INV002681,83.66666666666667,True
INV002682,,False
INV002683,,False
INV002684,80.6,True
INV002685,,False
INV002686,,False
INV002687,,False
INV002688,37.0,True
INV002689,50.0,True
INV002690,,False
INV002691,,False
INV002692,,False
INV002693,45.833333333333336,True
INV002694,,False
INV002695,,False
INV002696,,False
INV002697,55.333333333333336,True
INV002698,,False
INV002699,,False
INV002700,79.83333333333333,True
INV002701,,False
INV002702,,False
INV002703,,False
INV002704,59.142857142857146,True
INV002705,22.571428571428573,True
INV002706,73.6,True
INV002707,,False
INV002708,,False
INV002709,,False
INV002710,,False
INV002711,65.57142857142857,True
INV002712,46.8,True
INV002713,,False
INV002714,,False
INV002715,,False
INV002716,,False
INV002717,,False
INV002718,,False
INV002719,,False
INV002720,,False
INV002721,,False
INV002722,61.4,True
INV002723,37.75,True
INV002724,76.6,True
INV002725,,False
INV002726,45.57142857142857,True
INV002727,,False
INV002728,,False
INV002729,,False
INV002732,70.71428571428571,True
INV002733,51.57142857142857,True
INV002734,,False
INV002735,68.16666666666667,True
INV002736,70.6,True
INV002737,58.42857142857143,True
INV002738,,False
INV002739,,False
INV002740,,False
INV002741,,False
INV002742,,False
INV002743,88.2,True
INV002744,52.888888888888886,True
INV002745,,False
INV002746,68.0,True
INV002747,,False
INV002748,,False
INV002749,,False
INV002750,72.4,True
INV002751,41.5,True
INV002752,,False
INV002753,,False
INV002754,,False
INV002755,,False
INV002756,,False
INV002757,,False
INV002758,81.0,True
INV002759,,False
INV002760,,False
INV002761,80.6,True
INV002762,,False
INV002763,,False
INV002764,,False
INV002765,,False
INV002766,70.6,True
INV002767,55.333333333333336,True
INV002768,,False
INV002769,82.0,True
INV002770,,False
INV002771,,False
INV002772,74.5,True
INV002773,,False
INV002774,,False
INV002775,,False
INV002776,,False
INV002777,,False
INV002778,,False
INV002779,64.2,True
INV002780,,False
INV002781,,False
INV002782,,False
INV002783,64.0,True
INV002784,,False
INV002785,,False
INV002786,76.33333333333333,True
INV002787,,False
INV002788,,False
INV002789,,False
INV002790,,False
INV002791,,False
INV002792,,False
INV002793,59.333333333333336,True
INV002794,56.166666666666664,True
INV002795,,False
INV002796,,False
INV002797,,False
INV002798,,False
INV002799,70.8,True
INV002800,63.5,True
INV002801,,False
INV002802,,False
INV002803,64.83333333333333,True
INV002804,59.857142857142854,True
INV002805,,False
INV002806,,False
INV002807,,False
INV002808,59.666666666666664,True
INV002809,81.4,True
INV002810,32.285714285714285,True
INV002811,,False
INV002813,49.0,True
INV002814,,False
INV002815,,False
INV002816,,False
INV002817,,False
INV002818,,False
INV002819,,False
INV002820,,False
INV002822,53.0,True
INV002823,,False
INV002824,71.83333333333333,True
INV002825,,False
INV002826,61.6,True
INV002827,73.6,True
INV002828,80.0,True
INV002829,,False
INV002830,,False
INV002831,40.2,True
INV002832,,False
INV002833,,False
INV002834,,False
INV002835,82.33333333333333,True
INV002836,,False
INV002837,,False
INV002838,56.714285714285715,True
INV002839,,False
INV002840,,False
INV002841,43.4,True
INV002842,,False
INV002843,43.142857142857146,True
INV002845,,False
INV002846,,False
INV002847,52.666666666666664,True
INV002848,,False
INV002849,,False
INV002850,53.166666666666664,True
INV002851,,False
INV002852,75.8,True
INV002853,,False
INV002854,,False
INV002855,,False
INV002856,,False
INV002857,,False
INV002858,,False
INV002859,76.5,True
INV002860,,False
INV002861,,False
INV002862,,False
INV002863,74.4,True
INV002864,,False
INV002865,37.2,True
INV002866,,False
INV002867,,False
INV002868,,False
INV002869,,False
INV002870,48.2,True
INV002871,,False
INV002872,85.6,True
INV002873,98.2,True
INV002874,,False
INV002875,,False
INV002876,,False
INV002877,,False
INV002878,,False
INV002879,72.16666666666667,True
INV002881,43.6,True
INV002882,,False
INV002883,96.0,True
INV002884,,False
INV002885,,False
INV002886,44.333333333333336,True
INV002888,,False
INV002890,,False
INV002891,72.71428571428571,True
INV002892,,False
INV002893,50.0,True
INV002894,,False
INV002895,,False
INV002896,,False
INV002897,,False
INV002898,,False
INV002899,,False
INV002900,64.2,True
INV002901,,False
INV002902,,False
INV002903,89.6,True
INV002904,49.333333333333336,True
INV002905,73.0,True
INV002906,41.2,True
INV002907,,False
INV002908,,False
INV002909,82.33333333333333,True
INV002910,,False
INV002911,,False
INV002912,97.0,True
INV002913,73.66666666666667,True
INV002914,,False
INV002915,49.285714285714285,True
INV002917,,False
INV002919,,False
INV002920,,False
INV002921,53.333333333333336,True
INV002922,,False
INV002923,,False
INV002924,,False
INV002925,,False
INV002926,,False
INV002927,40.285714285714285,True
INV002928,,False
INV002929,,False
INV002930,,False
INV002931,,False
INV002932,,False
INV002933,,False
INV002934,,False
INV002935,48.0,True
INV002936,,False
INV002937,67.16666666666667,True
INV002939,60.5,True
INV002940,,False
INV002941,,False
INV002942,55.5,True
INV002943,,False
INV002944,,False
INV002945,65.0,True
INV002946,,False
INV002947,64.16666666666667,True
INV002948,,False
INV002949,,False
INV002950,45.857142857142854,True
INV002951,51.833333333333336,True
INV002952,,False
INV002953,,False
INV002954,,False
INV002955,,False
INV002956,,False
INV002957,,False
INV002958,,False
INV002959,,False
INV002960,,False
INV002961,84.66666666666667,True
INV002962,,False
INV002963,,False
INV002964,,False
INV002966,,False
INV002967,,False
INV002968,,False
INV002969,,False
INV002970,,False
INV002971,,False
INV002972,,False
INV002973,,False
INV002974,51.333333333333336,True
INV002975,,False
INV002976,,False
INV002977,,False
INV002978,,False
INV002979,,False
INV002980,,False
INV002982,,False
INV002983,,False
INV002984,91.0,True
INV002985,,False
INV002986,,False
INV002988,,False
INV002989,86.6,True
INV002990,,False
INV002991,,False
INV002992,,False
INV002993,,False
INV002994,58.166666666666664,True
INV002995,,False
INV002996,,False
INV002997,,False
INV002998,,False
INV002999,,False
INV003000,67.0,True
INV003001,,False
INV003002,,False
INV003003,58.25,True
INV003004,,False
INV003005,53.142857142857146,True
INV003006,,False
INV003007,48.25,True
INV003008,,False
INV003009,38.125,True
INV003010,,False
INV003011,64.16666666666667,True
INV003012,,False
INV003013,,False
INV003014,82.4,True
INV003015,54.666666666666664,True
INV003016,,False
INV003017,,False
INV003018,49.2,True
INV003019,,False
INV003020,,False
INV003021,,False
INV003022,69.6,True
INV003023,,False
INV003024,44.2,True
INV003025,35.285714285714285,True
INV003026,,False
INV003027,,False
INV003028,91.4,True
INV003029,,False
INV003031,,False
INV003032,,False
INV003033,,False
INV003034,73.4,True
INV003035,,False
INV003036,57.714285714285715,True
INV003037,79.5,True
INV003038,,False
INV003039,,False
INV003040,74.0,True
INV003041,,False
INV003042,,False
INV003043,73.83333333333333,True
INV003044,71.16666666666667,True
INV003045,36.2,True
INV003046,,False
INV003047,70.14285714285714,True
INV003048,,False
INV003049,,False
INV003051,,False
INV003052,,False
INV003053,,False
INV003054,78.66666666666667,True
INV003055,,False
INV003057,,False
INV003058,,False
INV003059,,False
INV003060,79.0,True
INV003061,,False
INV003062,,False
INV003063,57.833333333333336,True
INV003064,,False
INV003065,,False
INV003066,,False
INV003067,,False
INV003068,,False
INV003069,,False
INV003070,54.5,True
INV003071,,False
INV003072,,False
INV003073,,False
INV003074,74.8,True
INV003075,57.42857142857143,True
INV003076,,False
INV003077,,False
INV003078,69.16666666666667,True
INV003079,,False
INV003080,,False
INV003081,,False
INV003082,46.42857142857143,True
INV003083,66.4,True
INV003084,,False
INV003086,,False
INV003087,,False
INV003088,,False
INV003089,65.0,True
INV003090,,False
INV003091,50.875,True
INV003092,,False
INV003093,,False
INV003094,,False
INV003095,86.6,True
INV003096,,False
INV003097,62.714285714285715,True
INV003098,,False
INV003099,,False
INV003100,,False
INV003101,,False
INV003102,,False
INV003103,,False
INV003104,,False
INV003105,65.5,True
INV003107,,False
INV003108,,False
INV003109,,False
INV003110,,False
INV003111,,False
INV003112,91.6,True
INV003113,66.85714285714286,True
INV003115,48.0,True
INV003116,,False
INV003117,66.57142857142857,True
INV003118,,False
INV003119,,False
INV003120,,False
INV003121,,False
INV003122,,False
INV003123,,False
INV003124,,False
INV003125,,False
INV003127,,False
INV003128,,False
INV003129,,False
INV003130,,False
INV003131,,False
INV003132,,False
INV003133,,False
INV003134,76.83333333333333,True
INV003136,,False
INV003137,,False
INV003138,,False
INV003139,55.166666666666664,True
INV003140,57.0,True
INV003141,67.5,True
INV003142,,False
INV003143,,False
INV003144,82.5,True
INV003145,,False
INV003146,59.5,True
INV003147,,False
INV003149,,False
INV003150,,False
INV003151,81.0,True
INV003153,40.666666666666664,True
INV003154,,False
INV003155,,False
INV003156,,False
INV003157,,False
INV003158,55.625,True
INV003159,,False
INV003160,,False
INV003161,77.4,True
INV003162,,False
INV003163,,False
INV003164,,False
INV003165,,False
INV003166,,False
INV003167,,False
INV003168,,False
INV003169,62.6,True
INV003171,,False
INV003172,,False
INV003173,,False
INV003174,,False
INV003175,,False
INV003176,,False
INV003177,,False
INV003178,56.4,True
INV003179,56.25,True
INV003180,,False
INV003181,,False
INV003182,,False
INV003183,,False
INV003184,,False
INV003185,65.2,True
INV003186,,False
INV003187,58.25,True
INV003188,,False
INV003189,55.125,True
INV003190,,False
INV003191,76.8,True
INV003192,,False
INV003193,96.6,True
INV003194,,False
INV003195,,False
INV003196,80.33333333333333,True
INV003197,,False
INV003198,,False
INV003199,,False
INV003200,,False
INV003201,,False
INV003202,,False
INV003203,,False
INV003204,,False
INV003205,67.66666666666667,True
INV003206,,False
INV003207,,False
INV003208,,False
INV003209,,False
INV003210,72.2,True
INV003211,69.0,True
INV003212,,False
INV003213,,False
INV003214,59.8,True
INV003215,60.833333333333336,True
INV003216,,False
INV003217,,False
INV003218,,False
INV003219,57.2,True
INV003220,,False
INV003221,61.166666666666664,True
INV003222,81.5,True
INV003223,67.71428571428571,True
INV003224,,False
INV003225,,False
INV003226,,False
INV003227,,False
INV003228,70.16666666666667,True
INV003229,,False
INV003230,67.5,True
INV003231,83.0,True
INV003232,,False
INV003233,,False
INV003234,96.6,True
INV003235,,False
INV003236,51.125,True
INV003237,,False
INV003238,,False
INV003239,,False
INV003240,,False
INV003241,,False
INV003242,61.0,True
INV003243,,False
INV003244,,False
INV003245,,False
INV003246,,False
INV003247,84.6,True
INV003248,,False
INV003249,,False
INV003250,,False
INV003251,,False
INV003252,67.6,True
INV003253,,False
INV003254,,False
INV003255,,False
INV003256,51.0,True
INV003257,61.8,True
INV003258,,False
INV003259,,False
INV003260,89.4,True
INV003261,,False
INV003262,85.2,True
INV003263,,False
INV003264,,False
INV003265,,False
INV003267,74.4,True
INV003269,,False
INV003270,,False
INV003271,61.166666666666664,True
INV003272,,False
INV003273,60.142857142857146,True
INV003274,,False
INV003275,,False
INV003276,,False
INV003277,53.714285714285715,True
INV003278,,False
INV003279,63.375,True
INV003280,,False
INV003281,,False
INV003282,,False
INV003283,,False
INV003284,,False
INV003285,,False
INV003286,,False
INV003287,,False
INV003288,,False
INV003289,64.83333333333333,True
INV003290,,False
INV003291,,False
INV003292,,False
INV003293,,False
INV003294,,False
INV003295,,False
INV003296,,False
INV003297,,False
INV003298,,False
INV003299,,False
INV003300,64.8,True
INV003301,59.375,True
INV003302,,False
INV003303,,False
INV003304,44.22222222222222,True
INV003305,,False
INV003306,,False
INV003307,,False
INV003308,56.75,True
INV003309,,False
INV003310,80.8,True
INV003311,48.0,True
INV003312,,False
INV003313,,False
INV003314,73.5,True
INV003315,,False
INV003316,,False
INV003317,44.142857142857146,True
INV003318,,False
INV003319,,False
INV003320,45.285714285714285,True
INV003321,,False
INV003322,,False
INV003324,,False
INV003325,101.0,True
INV003326,,False
INV003328,,False
INV003329,89.0,True
INV003330,,False
INV003331,,False
INV003332,,False
INV003333,,False
INV003334,,False
INV003335,,False
INV003336,72.33333333333333,True
INV003337,,False
INV003338,37.5,True
INV003339,,False
INV003340,,False
INV003341,,False
INV003342,,False
INV003343,,False
INV003344,86.6,True
INV003345,,False
INV003346,,False
INV003347,,False
INV003348,,False
INV003349,,False
INV003350,92.4,True
INV003351,54.0,True
INV003352,68.14285714285714,True
INV003353,,False
INV003354,,False
INV003355,,False
INV003356,,False
INV003357,62.4,True
INV003358,,False
INV003359,,False
INV003360,59.42857142857143,True
INV003361,,False
INV003362,,False
INV003363,,False
INV003364,,False
INV003365,,False
INV003366,,False
INV003368,,False
INV003369,,False
INV003370,63.333333333333336,True
INV003371,,False
INV003372,59.4,True
INV003373,,False
INV003374,56.5,True
INV003375,52.714285714285715,True
INV003376,85.8,True
INV003377,,False
INV003379,75.16666666666667,True
INV003380,72.4,True
INV003381,,False
INV003382,34.2,True
INV003383,,False
INV003384,,False
INV003385,,False
INV003386,,False
INV003387,,False
INV003388,,False
INV003389,,False
INV003390,,False
INV003391,56.6,True
INV003392,,False
INV003393,63.714285714285715,True
INV003394,,False
INV003395,79.0,True
INV003396,,False
INV003397,,False
INV003398,55.42857142857143,True
INV003399,,False
INV003400,,False
INV003401,,False
INV003402,,False
INV003403,56.6,True
INV003404,50.285714285714285,True
INV003405,41.0,True
INV003406,59.0,True
INV003407,57.42857142857143,True
INV003408,,False
INV003409,,False
INV003410,,False
INV003411,,False
INV003412,,False
INV003413,,False
INV003414,,False
INV003415,,False
INV003416,,False
INV003417,,False
INV003418,,False
INV003419,,False
INV003420,,False
INV003421,,False
INV003422,84.66666666666667,True
INV003423,,False
INV003424,73.16666666666667,True
INV003425,,False
INV003426,,False
INV003427,84.2,True
INV003428,,False
INV003429,,False
INV003430,73.4,True
INV003431,51.4,True
INV003432,61.333333333333336,True
INV003433,,False
INV003434,,False
INV003435,73.83333333333333,True
INV003436,,False
INV003437,91.2,True
INV003438,,False
INV003439,,False
INV003440,,False
INV003441,,False
INV003442,,False
INV003443,,False
INV003444,,False
INV003445,,False
INV003446,,False
INV003447,,False
INV003448,74.5,True
INV003449,,False
INV003450,47.666666666666664,True
INV003451,,False
INV003452,,False
INV003453,,False
INV003454,,False
INV003455,35.5,True
INV003456,,False
INV003457,60.5,True
INV003458,67.85714285714286,True
INV003459,59.4,True
INV003460,,False
INV003461,,False
INV003462,,False
INV003463,,False
INV003464,,False
INV003467,,False
INV003468,,False
INV003469,,False
INV003470,,False
INV003471,,False
INV003472,,False
INV003473,95.8,True
INV003474,,False
INV003475,56.0,True
INV003476,,False
INV003477,,False
INV003478,56.625,True
INV003479,65.71428571428571,True
INV003480,82.4,True
INV003481,,False
INV003482,,False
INV003483,,False
INV003484,73.8,True
INV003485,,False
INV003487,70.6,True
INV003488,,False
INV003489,,False
INV003490,,False
INV003491,59.125,True
INV003492,90.8,True
INV003493,,False
INV003494,,False
INV003495,49.22222222222222,True
INV003496,,False
INV003498,,False
INV003499,,False
INV003500,,False
INV003501,,False
INV003502,,False
INV003503,,False
INV003504,,False
INV003505,,False
INV003506,67.0,True
INV003507,,False
INV003508,,False
INV003509,60.875,True
INV003510,,False
INV003511,65.57142857142857,True
INV003513,,False
INV003514,74.2,True
INV003515,,False
INV003516,,False
INV003517,,False
INV003518,67.8,True
INV003519,,False
INV003520,,False
INV003521,89.0,True
INV003522,,False
INV003523,,False
INV003524,64.16666666666667,True
INV003525,,False
INV003526,88.2,True
INV003527,,False
INV003528,58.625,True
INV003529,,False
INV003530,51.0,True
INV003531,76.4,True
INV003532,,False
INV003533,,False
INV003534,52.714285714285715,True
INV003535,,False
INV003536,,False
INV003537,,False
INV003538,,False
INV003539,,False
INV003540,,False
INV003541,,False
INV003542,,False
INV003543,,False
INV003544,,False
INV003545,90.0,True
INV003546,,False
INV003547,,False
INV003548,,False
INV003549,,False
INV003550,,False
INV003552,,False
INV003553,,False
INV003554,,False
INV003555,,False
INV003556,77.6,True
INV003557,66.4,True
INV003558,39.166666666666664,True
INV003559,48.333333333333336,True
INV003560,,False
INV003561,,False
INV003562,80.5,True
INV003563,,False
INV003564,71.0,True
INV003565,,False
INV003566,,False
INV003567,,False
INV003568,,False
INV003569,,False
INV003570,,False
INV003571,,False
INV003572,,False
INV003573,,False
INV003574,,False
INV003575,,False
INV003576,,False
INV003577,,False
INV003578,,False
INV003579,,False
INV003580,72.16666666666667,True
INV003581,51.285714285714285,True
INV003582,49.333333333333336,True
INV003583,,False
INV003584,,False
INV003585,,False
INV003586,54.285714285714285,True
INV003587,,False
INV003588,,False
INV003589,,False
INV003590,,False
INV003591,,False
INV003592,75.6,True
INV003593,78.2,True
INV003594,,False
INV003595,,False
INV003597,,False
INV003598,68.0,True
INV003599,50.0,True
INV003600,,False
INV003601,45.25,True
INV003602,,False
INV003603,,False
INV003604,90.2,True
INV003605,,False
INV003607,70.4,True
INV003608,,False
INV003609,,False
INV003610,,False
INV003611,68.83333333333333,True
INV003612,,False
INV003613,67.42857142857143,True
INV003614,,False
INV003615,,False
INV003616,,False
INV003617,,False
INV003618,,False
INV003619,72.0,True
INV003620,,False
INV003621,,False
INV003622,,False
INV003624,,False
INV003625,62.4,True
INV003626,,False
INV003627,59.166666666666664,True
INV003628,,False
INV003629,,False
INV003630,52.0,True
INV003631,,False
INV003632,,False
INV003633,78.8,True
INV003634,47.8,True
INV003635,47.111111111111114,True
INV003636,,False
INV003637,,False
INV003638,,False
INV003639,,False
INV003640,,False
INV003641,67.0,True
INV003642,53.166666666666664,True
INV003643,,False
INV003644,,False
INV003645,95.2,True
INV003646,,False
INV003647,,False
INV003648,,False
INV003649,96.8,True
INV003650,33.9,True
INV003651,,False
INV003652,,False
INV003653,,False
INV003654,60.5,True
INV003655,49.77777777777778,True
INV003656,,False
INV003657,,False
INV003658,70.71428571428571,True
INV003659,,False
INV003660,79.0,True
INV003661,,False
INV003662,,False
INV003663,,False
INV003664,,False
INV003665,,False
INV003666,,False
INV003667,,False
INV003668,,False
INV003669,53.5,True
INV003670,70.85714285714286,True
INV003671,,False
INV003672,77.2,True
INV003673,68.85714285714286,True
INV003674,,False
INV003675,,False
INV003676,,False
INV003677,,False
INV003678,32.8,True
INV003680,,False
INV003681,51.0,True
INV003682,,False
INV003683,92.4,True
INV003684,98.2,True
INV003685,80.2,True
INV003686,96.6,True
INV003687,,False
INV003688,,False
INV003689,,False
INV003690,,False
INV003691,,False
INV003692,,False
INV003693,71.33333333333333,True
INV003694,,False
INV003695,51.666666666666664,True
INV003696,75.8,True
INV003697,76.66666666666667,True
INV003698,,False
INV003699,,False
INV003700,,False
INV003701,,False
INV003702,72.66666666666667,True
INV003703,,False
INV003704,,False
INV003705,78.8,True
INV003706,,False
INV003707,68.6,True
INV003708,60.5,True
INV003709,80.2,True
INV003710,78.6,True
INV003711,72.2,True
INV003712,79.6,True
INV003713,81.5,True
INV003714,,False
INV003716,,False
INV003717,,False
INV003718,91.4,True
INV003719,,False
INV003720,74.6,True
INV003721,,False
INV003722,50.666666666666664,True
INV003723,61.8,True
INV003724,68.0,True
INV003725,,False
INV003726,,False
INV003727,,False
INV003728,,False
INV003729,,False
INV003730,,False
INV003731,,False
INV003732,,False
INV003733,88.8,True
INV003734,59.0,True
INV003735,45.857142857142854,True
INV003736,77.16666666666667,True
INV003737,,False
INV003738,50.6,True
INV003739,,False
INV003740,51.833333333333336,True
INV003741,67.66666666666667,True
INV003742,,False
INV003743,,False
INV003744,86.8,True
INV003745,70.2,True
INV003747,,False
INV003748,56.142857142857146,True
INV003749,,False
INV003750,,False
INV003751,,False
INV003752,,False
INV003753,,False
INV003755,,False
INV003756,,False
INV003757,81.83333333333333,True
INV003758,,False
INV003759,,False
INV003760,,False
INV003761,51.857142857142854,True
INV003762,,False
INV003763,,False
INV003764,,False
INV003765,,False
INV003766,65.28571428571429,True
INV003767,47.5,True
INV003768,,False
INV003769,,False
INV003770,,False
INV003771,50.77777777777778,True
INV003772,34.5,True
INV003773,,False
INV003774,,False
INV003775,74.0,True
INV003776,,False
INV003777,,False
INV003778,,False
INV003779,76.4,True
INV003780,57.42857142857143,True
INV003781,64.83333333333333,True
INV003782,,False
INV003783,,False
INV003784,,False
INV003785,74.2,True
INV003786,,False
INV003787,63.25,True
INV003788,,False
INV003789,,False
INV003791,,False
INV003792,,False
INV003793,72.33333333333333,True
INV003794,,False
INV003795,67.66666666666667,True
INV003796,,False
INV003797,,False
INV003798,,False
INV003799,,False
INV003800,,False
INV003801,,False
INV003802,,False
INV003803,,False
INV003804,,False
INV003805,,False
INV003806,,False
INV003807,,False
INV003808,,False
INV003809,,False
INV003810,,False
INV003811,78.66666666666667,True
INV003812,50.833333333333336,True
INV003813,82.2,True
INV003814,,False
INV003815,72.5,True
INV003816,,False
INV003817,,False
INV003818,,False
INV003819,,False
INV003820,,False
INV003821,,False
INV003822,,False
INV003823,,False
INV003824,71.5,True
INV003825,81.2,True
INV003826,,False
INV003827,,False
INV003828,30.666666666666668,True
INV003829,48.55555555555556,True
INV003830,71.4,True
INV003831,,False
INV003832,,False
INV003833,,False
INV003834,,False
INV003835,,False
INV003836,,False
INV003837,,False
INV003839,,False
INV003840,,False
INV003842,,False
INV003844,68.5,True
INV003845,,False
INV003846,,False
INV003847,50.0,True
INV003848,,False
INV003849,77.2,True
INV003850,,False
INV003851,57.833333333333336,True
INV003852,,False
INV003853,,False
INV003854,,False
INV003855,,False
INV003856,,False
INV003857,,False
INV003858,,False
INV003859,,False
INV003860,46.0,True
INV003862,60.166666666666664,True
INV003863,,False
INV003864,,False
INV003865,85.16666666666667,True
INV003866,,False
INV003867,,False
INV003868,87.6,True
INV003869,,False
INV003871,,False
INV003872,45.375,True
INV003873,,False
INV003874,,False
INV003875,,False
INV003876,77.6,True
INV003877,,False
INV003878,,False
INV003879,,False
INV003880,68.57142857142857,True
INV003881,,False
INV003882,,False
INV003883,,False
INV003884,,False
INV003885,71.6,True
INV003886,,False
INV003887,,False
INV003888,,False
INV003889,,False
INV003891,,False
INV003892,55.22222222222222,True
INV003893,,False
INV003894,,False
INV003895,,False
INV003896,82.0,True
INV003897,71.6,True
INV003898,,False
INV003899,,False
INV003900,,False
INV003901,,False
INV003902,,False
INV003903,50.285714285714285,True
INV003904,,False
INV003905,62.5,True
INV003906,55.111111111111114,True
INV003907,,False
INV003908,,False
INV003909,,False
INV003910,,False
INV003911,,False
INV003912,68.6,True
INV003913,61.42857142857143,True
INV003914,,False
INV003915,,False
INV003916,67.2,True
INV003917,,False
INV003918,,False
INV003919,,False
INV003920,66.85714285714286,True
INV003921,,False
INV003923,,False
INV003924,,False
INV003925,,False
INV003926,,False
INV003927,,False
INV003928,,False
INV003931,,False
INV003932,,False
INV003933,,False
INV003934,,False
INV003935,,False
INV003936,89.6,True
INV003937,,False
INV003938,52.5,True
INV003939,,False
INV003940,70.66666666666667,True
INV003941,,False
INV003942,,False
INV003943,42.5,True
INV003944,,False
INV003945,56.333333333333336,True
INV003946,69.16666666666667,True
INV003947,,False
INV003948,43.666666666666664,True
INV003949,,False
INV003950,,False
INV003951,,False
INV003952,54.666666666666664,True
INV003953,,False
INV003954,,False
INV003955,,False
INV003956,,False
INV003957,,False
INV003958,85.6,True
INV003959,,False
INV003960,,False
INV003961,,False
INV003962,68.71428571428571,True
INV003963,,False
INV003964,51.22222222222222,True
INV003965,,False
INV003966,,False
INV003967,,False
INV003968,92.4,True
INV003969,,False
INV003970,,False
INV003971,,False
INV003972,84.2,True
INV003973,,False
INV003974,,False
INV003975,50.142857142857146,True
INV003976,,False
INV003977,,False
INV003978,68.14285714285714,True
INV003979,56.0,True
INV003980,,False
INV003981,67.66666666666667,True
INV003982,,False
INV003984,,False
INV003985,93.0,True
INV003986,,False
INV003987,,False
INV003988,,False
INV003989,,False
INV003990,,False
INV003991,,False
INV003992,,False
INV003993,,False
INV003994,,False
INV003995,,False
INV003996,95.2,True
INV003997,,False
INV003998,,False
INV003999,,False
INV004000,,False
INV004001,40.285714285714285,True
INV004002,,False
INV004003,,False
INV004004,40.77777777777778,True
INV004005,73.66666666666667,True
INV004006,,False
INV004007,38.833333333333336,True
INV004008,,False
INV004009,62.285714285714285,True
INV004011,,False
INV004012,,False
INV004014,61.875,True
INV004015,88.0,True
INV004016,,False
INV004017,40.5,True
INV004018,,False
INV004019,,False
INV004020,,False
INV004021,,False
INV004022,,False
INV004023,52.0,True
INV004024,,False
INV004025,,False
INV004026,,False
INV004027,,False
INV004028,,False
INV004029,,False
INV004030,,False
INV004031,,False
INV004032,,False
INV004033,,False
INV004034,,False
INV004035,,False
INV004036,,False
INV004037,74.6,True
INV004038,71.66666666666667,True
INV004039,,False
INV004040,,False
INV004041,,False
INV004042,,False
INV004043,,False
INV004044,,False
INV004045,,False
INV004046,,False
INV004047,,False
INV004048,,False
INV004049,48.2,True
INV004050,,False
INV004051,,False
INV004052,,False
INV004053,,False
INV004054,,False
INV004055,,False
INV004056,,False
INV004057,,False
INV004058,,False
INV004059,,False
INV004060,,False
INV004061,,False
INV004062,,False
INV004063,56.57142857142857,True
INV004064,,False
INV004065,,False
INV004066,75.16666666666667,True
INV004067,,False
INV004068,,False
INV004069,74.0,True
INV004070,67.66666666666667,True
INV004071,,False
INV004072,,False
INV004073,,False
INV004074,,False
INV004075,,False
INV004076,,False
INV004077,,False
INV004078,,False
INV004079,71.33333333333333,True
INV004080,,False
INV004081,,False
INV004082,,False
INV004083,,False
INV004084,,False
INV004085,68.33333333333333,True
INV004086,,False
INV004088,,False
INV004089,,False
INV004090,,False
INV004091,73.6,True
INV004092,,False
INV004093,,False
INV004094,55.8,True
INV004095,,False
INV004096,,False
INV004097,,False
INV004098,58.2,True
INV004099,58.8,True
INV004100,,False
INV004101,,False
INV004102,,False
INV004103,,False
INV004104,,False
INV004105,,False
INV004106,55.8,True
INV004107,,False
INV004108,,False
INV004109,,False
INV004110,,False
INV004111,,False
INV004112,55.2,True
INV004113,,False
INV004114,,False
INV004115,,False
INV004116,54.888888888888886,True
INV004117,,False
INV004118,64.6,True
INV004119,73.2,True
INV004120,,False
INV004121,,False
INV004122,,False
INV004123,85.0,True
INV004124,63.8,True
INV004125,61.625,True
INV004126,,False
INV004127,87.6,True
INV004128,67.2,True
INV004129,,False
INV004130,,False
INV004131,,False
INV004132,,False
INV004133,,False
INV004134,35.4,True
INV004135,50.111111111111114,True
INV004137,,False
INV004138,,False
INV004139,,False
INV004140,,False
INV004142,,False
INV004143,97.0,True
INV004144,,False
INV004145,66.2,True
INV004146,88.2,True
INV004147,72.2,True
INV004148,,False
INV004149,50.2,True
INV004151,63.142857142857146,True
INV004152,,False
INV004153,60.0,True
INV004154,46.72727272727273,True
INV004155,,False
INV004156,,False
INV004157,,False
INV004158,,False
INV004159,,False
INV004160,,False
INV004161,,False
INV004162,,False
INV004163,,False
INV004164,,False
INV004165,,False
INV004166,,False
INV004167,,False
INV004168,,False
INV004169,,False
INV004170,,False
INV004171,,False
INV004172,63.0,True
INV004173,,False
INV004174,86.6,True
INV004175,67.85714285714286,True
INV004176,,False
INV004177,45.42857142857143,True
INV004178,,False
INV004179,71.2,True
INV004180,,False
INV004181,93.4,True
INV004182,,False
INV004183,,False
INV004184,,False
INV004185,,False
INV004186,,False
INV004187,,False
INV004188,,False
INV004189,,False
INV004190,,False
INV004191,77.16666666666667,True
INV004192,,False
INV004193,,False
INV004194,,False
INV004195,,False
INV004196,78.33333333333333,True
INV004197,,False
INV004198,,False
INV004199,58.2,True
INV004200,,False
INV004201,,False
INV004202,47.625,True
INV004203,66.57142857142857,True
INV004204,,False
INV004205,,False
INV004206,,False
INV004207,,False
INV004208,73.4,True
INV004209,,False
INV004210,,False
INV004211,,False
INV004212,69.33333333333333,True
INV004213,,False
INV004214,,False
INV004215,,False
INV004216,82.0,True
INV004217,,False
INV004220,,False
INV004221,,False
INV004222,,False
INV004223,,False
INV004224,,False
INV004225,,False
INV004226,,False
INV004227,,False
INV004228,72.33333333333333,True
INV004229,,False
INV004230,,False
INV004231,,False
INV004232,71.4,True
INV004233,,False
INV004234,,False
INV004235,,False
INV004236,,False
INV004237,,False
INV004238,,False
INV004239,61.142857142857146,True
INV004240,,False
INV004241,53.666666666666664,True
INV004242,,False
INV004243,55.714285714285715,True
INV004244,,False
INV004246,34.166666666666664,True
INV004247,87.2,True
INV004248,42.666666666666664,True
INV004249,,False
INV004250,,False
INV004251,,False
INV004252,,False
INV004253,,False
INV004254,,False
INV004255,,False
INV004256,,False
INV004257,,False
INV004258,49.666666666666664,True
INV004259,,False
INV004260,,False
INV004261,,False
INV004262,,False
INV004263,,False
INV004264,,False
INV004265,,False
INV004266,61.833333333333336,True
INV004267,53.333333333333336,True
INV004268,,False
INV004269,,False
INV004270,69.66666666666667,True
INV004271,79.8,True
INV004272,,False
INV004273,,False
INV004274,,False
INV004275,,False
INV004276,,False
INV004277,,False
INV004278,,False
INV004279,50.285714285714285,True
INV004280,,False
INV004281,41.714285714285715,True
INV004282,52.857142857142854,True
INV004283,,False
INV004284,,False
INV004285,76.16666666666667,True
INV004287,,False
INV004288,72.83333333333333,True
INV004289,45.9,True
INV004290,,False
INV004291,,False
INV004293,81.8,True
INV004294,,False
INV004295,44.75,True
INV004296,102.2,True
INV004297,41.875,True
INV004298,,False
INV004299,64.14285714285714,True
INV004300,,False
INV004301,,False
INV004302,,False
INV004303,,False
INV004304,,False
INV004305,,False
INV004306,57.0,True
INV004307,,False
INV004308,84.66666666666667,True
INV004309,,False
INV004310,,False
INV004311,,False
INV004312,,False
INV004313,,False
INV004314,83.0,True
INV004315,,False
INV004316,,False
INV004317,,False
INV004318,,False
INV004319,60.5,True
INV004320,,False
INV004321,42.0,True
INV004322,,False
INV004323,,False
INV004324,77.66666666666667,True
INV004326,40.111111111111114,True
INV004328,,False
INV004329,,False
INV004330,,False
INV004331,,False
INV004332,64.71428571428571,True
INV004333,,False
INV004334,,False
INV004335,64.42857142857143,True
INV004336,,False
INV004337,,False
INV004338,48.888888888888886,True
INV004339,,False
INV004340,67.8,True
INV004341,,False
INV004342,,False
INV004343,63.0,True
INV004345,,False
INV004346,,False
INV004347,,False
INV004348,52.2,True
INV004349,72.5,True
INV004350,,False
INV004351,,False
INV004352,,False
INV004353,,False
INV004354,,False
INV004355,,False
INV004356,30.8,True
INV004357,72.42857142857143,True
INV004358,45.857142857142854,True
INV004359,,False
INV004360,,False
INV004361,61.57142857142857,True
INV004362,,False
INV004363,,False
INV004364,80.6,True
INV004365,,False
INV004366,,False
INV004367,81.6,True
INV004368,,False
INV004369,,False
INV004370,,False
INV004371,,False
INV004372,59.2,True
INV004373,,False
INV004374,,False
INV004375,,False
INV004376,,False
INV004377,,False
INV004378,,False
INV004379,,False
INV004380,,False
INV004381,,False
INV004382,,False
INV004383,,False
INV004384,,False
INV004385,,False
INV004386,,False
INV004387,,False
INV004388,,False
INV004389,,False
INV004390,,False
INV004391,57.0,True
INV004392,90.4,True
INV004393,,False
INV004394,,False
INV004395,,False
INV004398,,False
INV004399,,False
INV004400,46.57142857142857,True
INV004401,69.85714285714286,True
INV004402,,False
INV004403,73.6,True
INV004404,,False
INV004406,,False
INV004407,,False
INV004408,,False
INV004410,40.9,True
INV004411,61.0,True
INV004412,82.33333333333333,True
INV004413,69.0,True
INV004414,53.857142857142854,True
INV004415,,False
INV004416,,False
INV004417,,False
INV004418,,False
INV004419,,False
INV004420,,False
INV004421,90.8,True
INV004422,,False
INV004423,,False
INV004424,,False
INV004425,,False
INV004426,,False
INV004427,50.8,True
INV004428,,False
INV004430,,False
INV004433,,False
INV004434,84.6,True
INV004435,,False
INV004436,,False
INV004437,,False
INV004438,,False
INV004439,,False
INV004440,,False
INV004441,,False
INV004442,,False
INV004443,,False
INV004444,,False
INV004445,,False
INV004446,65.8,True
INV004447,49.833333333333336,True
INV004448,,False
INV004449,,False
INV004450,61.6,True
INV004451,84.0,True
INV004452,81.0,True
INV004453,,False
INV004454,98.4,True
INV004455,50.0,True
INV004456,,False
INV004457,81.4,True
INV004458,,False
INV004459,53.833333333333336,True
INV004460,42.5,True
INV004461,,False
INV004462,,False
INV004463,94.8,True
INV004464,62.5,True
INV004465,,False
INV004466,,False
INV004467,,False
INV004468,76.83333333333333,True
INV004469,,False
INV004471,,False
INV004472,50.666666666666664,True
INV004473,73.33333333333333,True
INV004474,,False
INV004475,67.83333333333333,True
INV004476,,False
INV004477,58.714285714285715,True
INV004479,,False
INV004480,,False
INV004481,,False
INV004482,,False
INV004483,,False
INV004484,61.6,True
INV004485,,False
INV004486,,False
INV004487,,False
INV004488,,False
INV004489,,False
INV004490,,False
INV004491,,False
INV004492,,False
INV004493,,False
INV004494,,False
INV004495,,False
INV004496,,False
INV004497,,False
INV004498,,False
INV004500,,False
INV004501,,False
INV004502,74.5,True
INV004503,,False
INV004504,55.142857142857146,True
INV004505,,False
INV004506,,False
INV004507,,False
INV004508,,False
INV004509,,False
INV004510,,False
INV004511,37.2,True
INV004512,,False
INV004513,,False
INV004514,,False
INV004515,,False
INV004516,,False
INV004517,86.6,True
INV004518,,False
INV004519,,False
INV004520,,False
INV004521,54.5,True
INV004522,,False
INV004523,87.2,True
INV004524,,False
INV004525,,False
INV004526,,False
INV004527,,False
INV004528,54.0,True
INV004529,,False
INV004530,,False
INV004531,60.0,True
INV004532,,False
INV004533,55.0,True
INV004534,,False
INV004535,,False
INV004536,,False
INV004537,,False
INV004538,,False
INV004539,,False
INV004540,,False
INV004541,,False
INV004542,34.0,True
INV004543,,False
INV004544,,False
INV004545,,False
INV004546,,False
INV004547,67.5,True
INV004548,,False
INV004549,,False
INV004551,,False
INV004552,,False
INV004553,,False
INV004555,53.142857142857146,True
INV004556,,False
INV004557,,False
INV004558,,False
INV004560,48.375,True
INV004561,,False
INV004562,83.8,True
INV004563,64.83333333333333,True
INV004564,,False
INV004565,,False
INV004566,,False
INV004567,,False
INV004568,,False
INV004569,,False
INV004570,,False
INV004572,,False
INV004573,,False
INV004574,54.57142857142857,True
INV004575,,False
INV004576,63.0,True
INV004577,,False
INV004578,,False
INV004579,43.857142857142854,True
INV004580,,False
INV004581,72.14285714285714,True
INV004582,,False
INV004583,,False
INV004584,,False
INV004585,,False
INV004586,,False
INV004587,,False
INV004588,,False
INV004589,71.4,True
INV004590,,False
INV004591,,False
INV004592,,False
INV004593,,False
INV004594,59.142857142857146,True
INV004595,,False
INV004596,,False
INV004597,,False
INV004598,84.2,True
INV004599,,False
INV004600,,False
INV004602,59.625,True
INV004603,,False
INV004604,,False
INV004605,,False
INV004606,,False
INV004607,56.0,True
INV004608,55.0,True
INV004609,,False
INV004610,,False
INV004611,51.166666666666664,True
INV004612,,False
INV004614,79.6,True
INV004615,,False
INV004616,,False
INV004617,39.25,True
INV004618,,False
INV004619,,False
INV004620,,False
INV004621,54.25,True
INV004622,,False
INV004623,,False
INV004624,,False
INV004625,96.4,True
INV004626,,False
INV004627,,False
INV004628,,False
INV004629,64.57142857142857,True
INV004630,50.625,True
INV004631,64.71428571428571,True
INV004632,,False
INV004633,78.16666666666667,True
INV004634,,False
INV004635,58.666666666666664,True
INV004636,75.6,True
INV004637,,False
INV004638,54.333333333333336,True
INV004639,,False
INV004640,68.33333333333333,True
INV004641,67.8,True
INV004642,54.8,True
INV004643,50.6,True
INV004644,,False
INV004645,,False
INV004646,64.5,True
INV004647,70.66666666666667,True
INV004648,,False
INV004649,,False
INV004650,80.8,True
INV004651,,False
INV004652,,False
INV004653,,False
INV004654,,False
INV004655,,False
INV004656,,False
INV004657,,False
INV004659,,False
INV004660,,False
INV004661,69.71428571428571,True
INV004662,,False
INV004663,,False
INV004664,,False
INV004665,83.4,True
INV004666,,False
INV004667,,False
INV004668,,False
INV004669,,False
INV004670,,False
INV004672,72.0,True
INV004673,,False
INV004674,,False
INV004675,,False
INV004676,,False
INV004677,,False
INV004678,,False
INV004679,,False
INV004680,47.166666666666664,True
INV004681,,False
INV004682,42.25,True
INV004683,,False
INV004684,,False
INV004685,,False
INV004686,,False
INV004687,,False
INV004688,77.6,True
INV004689,,False
INV004690,,False
INV004691,,False
INV004692,83.6,True
INV004693,,False
INV004694,,False
INV004695,,False
INV004696,,False
INV004697,,False
INV004698,,False
INV004699,,False
INV004700,,False
INV004701,20.0,True
INV004702,,False
INV004703,,False
INV004704,93.8,True
INV004705,,False
INV004707,,False
INV004709,,False
INV004710,,False
INV004711,,False
INV004712,48.57142857142857,True
INV004713,,False
INV004715,56.833333333333336,True
INV004716,74.0,True
INV004717,,False
INV004718,,False
INV004719,,False
INV004720,,False
INV004721,,False
INV004722,,False
INV004723,,False
INV004724,,False
INV004725,,False
INV004727,,False
INV004728,,False
INV004730,,False
INV004731,,False
INV004733,,False
INV004734,,False
INV004735,,False
INV004736,,False
INV004737,54.55555555555556,True
INV004738,93.2,True
INV004739,,False
INV004740,,False
INV004741,72.33333333333333,True
INV004742,,False
INV004743,,False
INV004744,,False
INV004745,,False
INV004746,,False
INV004747,,False
INV004748,,False
INV004749,,False
INV004750,,False
INV004751,,False
INV004752,,False
INV004753,61.4,True
INV004754,,False
INV004755,61.166666666666664,True
INV004756,,False
INV004757,,False
INV004758,,False
INV004759,,False
INV004760,,False
INV004761,71.4,True
INV004762,,False
INV004763,83.5,True
INV004764,83.0,True
INV004765,,False
INV004766,,False
INV004767,,False
INV004768,,False
INV004769,,False
INV004770,72.85714285714286,True
INV004771,,False
INV004772,,False
INV004773,,False
INV004774,,False
INV004775,,False
INV004776,57.375,True
INV004777,,False
INV004778,,False
INV004779,,False
INV004780,69.5,True
INV004781,,False
INV004782,,False
INV004783,,False
INV004784,,False
INV004785,66.16666666666667,True
INV004786,,False
INV004787,72.33333333333333,True
INV004788,,False
INV004790,,False
INV004791,,False
INV004792,,False
INV004794,,False
INV004795,,False
INV004796,,False
INV004797,,False
INV004798,53.666666666666664,True
INV004799,,False
INV004801,,False
INV004802,,False
INV004803,,False
INV004804,79.2,True
INV004805,44.666666666666664,True
INV004806,,False
INV004807,36.857142857142854,True
INV004808,,False
INV004810,,False
INV004811,,False
INV004812,,False
INV004813,62.0,True
INV004814,,False
INV004815,,False
INV004816,,False
INV004817,,False
INV004818,,False
INV004819,62.0,True
INV004820,,False
INV004821,,False
INV004822,,False
INV004823,,False
INV004825,70.0,True
INV004826,,False
INV004827,,False
INV004828,,False
INV004829,,False
INV004830,,False
INV004831,,False
INV004832,,False
INV004833,65.4,True
INV004834,38.625,True
INV004835,,False
INV004836,,False
INV004837,,False
INV004839,,False
INV004840,41.0,True
INV004841,,False
INV004842,,False
INV004843,50.857142857142854,True
INV004844,66.66666666666667,True
INV004845,81.8,True
INV004846,,False
INV004847,73.5,True
INV004848,54.125,True
INV004849,,False
INV004850,,False
INV004851,,False
INV004852,,False
INV004853,,False
INV004854,,False
INV004855,,False
INV004856,,False
INV004857,,False
INV004858,,False
INV004860,78.4,True
INV004861,,False
INV004862,,False
INV004863,68.0,True
INV004864,43.285714285714285,True
INV004865,76.33333333333333,True
INV004866,,False
INV004867,,False
INV004868,56.0,True
INV004869,,False
INV004870,,False
INV004871,69.14285714285714,True
INV004872,,False
INV004874,,False
INV004875,,False
INV004876,,False
INV004877,80.5,True
INV004878,,False
INV004879,,False
INV004880,,False
INV004881,,False
INV004882,,False
INV004883,,False
INV004884,,False
INV004885,,False
INV004886,,False
INV004887,,False
INV004888,,False
INV004889,70.66666666666667,True
INV004890,,False
INV004891,55.857142857142854,True
INV004892,,False
INV004893,,False
INV004894,,False
INV004895,,False
INV004896,79.4,True
INV004897,,False
INV004898,,False
INV004899,,False
INV004900,,False
INV004901,54.6,True
INV004903,,False
INV004904,,False
INV004905,,False
INV004906,,False
INV004907,,False
INV004908,,False
INV004909,,False
INV004910,,False
INV004911,63.666666666666664,True
INV004912,,False
INV004913,87.0,True
INV004914,,False
INV004915,,False
INV004916,75.5,True
INV004917,51.0,True
INV004918,,False
INV004919,,False
INV004920,,False
INV004921,,False
INV004922,,False
INV004923,,False
INV004924,59.75,True
INV004925,70.83333333333333,True
INV004926,66.28571428571429,True
INV004927,34.166666666666664,True
INV004928,,False
INV004929,,False
INV004930,,False
INV004931,,False
INV004932,,False
INV004933,,False
INV004934,,False
INV004935,,False
INV004937,,False
INV004938,,False
INV004939,,False
INV004940,,False
INV004942,,False
INV004943,,False
INV004944,,False
INV004945,,False
INV004946,,False
INV004947,45.0,True
INV004948,,False
INV004949,,False
INV004950,,False
INV004951,,False
INV004952,,False
INV004953,67.16666666666667,True
INV004954,,False
INV004955,,False
INV004956,59.142857142857146,True
INV004957,,False
INV004958,73.16666666666667,True
INV004959,68.6,True
INV004960,,False
INV004961,,False
INV004962,,False
INV004963,,False
INV004964,,False
INV004966,,False
INV004967,63.2,True
INV004968,,False
INV004969,,False
INV004970,,False
INV004971,,False
INV004972,,False
INV004973,55.0,True
INV004974,52.42857142857143,True
INV004977,,False
INV004978,63.833333333333336,True
INV004979,,False
INV004980,,False
INV004981,49.142857142857146,True
INV004982,,False
INV004983,57.666666666666664,True
INV004984,75.33333333333333,True
INV004985,,False
INV004986,81.33333333333333,True
INV004987,,False
INV004988,,False
INV004989,,False
INV004990,,False
INV004991,,False
INV004992,81.5,True
INV004993,,False
INV004994,,False
INV004995,,False
INV004996,46.333333333333336,True
INV004997,71.0,True
INV004998,,False
INV004999,,False
